#name, hash, bec, layer, phi, eta
LI_S15_C_34_M3_C7, 0, -4, 0, 0, 0
LI_S15_C_34_M4_C10, 1, -4, 0, 1, 0
LI_S15_C_12_M1_C1, 2, -4, 0, 2, 0
LI_S15_C_12_M2_C4, 3, -4, 0, 3, 0
LI_S15_C_34_M3_C8, 4, -4, 1, 0, 0
LI_S15_C_34_M4_C11, 5, -4, 1, 1, 0
LI_S15_C_12_M1_C2, 6, -4, 1, 2, 0
LI_S15_C_12_M2_C5, 7, -4, 1, 3, 0
LI_S15_C_34_M3_C9, 8, -4, 2, 0, 0
LI_S15_C_34_M4_C12, 9, -4, 2, 1, 0
LI_S15_C_12_M1_C3, 10, -4, 2, 2, 0
LI_S15_C_12_M2_C6, 11, -4, 2, 3, 0
D1C_B01_S2_M4, 12, -2, 0, 0, 0
D1C_B01_S2_M3, 13, -2, 0, 1, 0
D1C_B01_S2_M5, 14, -2, 0, 2, 0
D1C_B01_S2_M2, 15, -2, 0, 3, 0
D1C_B01_S2_M6, 16, -2, 0, 4, 0
D1C_B01_S2_M1, 17, -2, 0, 5, 0
D1C_B02_S1_M4, 18, -2, 0, 6, 0
D1C_B02_S1_M3, 19, -2, 0, 7, 0
D1C_B02_S1_M5, 20, -2, 0, 8, 0
D1C_B02_S1_M2, 21, -2, 0, 9, 0
D1C_B02_S1_M6, 22, -2, 0, 10, 0
D1C_B02_S1_M1, 23, -2, 0, 11, 0
D1C_B02_S2_M4, 24, -2, 0, 12, 0
D1C_B02_S2_M3, 25, -2, 0, 13, 0
D1C_B02_S2_M5, 26, -2, 0, 14, 0
D1C_B02_S2_M2, 27, -2, 0, 15, 0
D1C_B02_S2_M6, 28, -2, 0, 16, 0
D1C_B02_S2_M1, 29, -2, 0, 17, 0
D1C_B03_S1_M4, 30, -2, 0, 18, 0
D1C_B03_S1_M3, 31, -2, 0, 19, 0
D1C_B03_S1_M5, 32, -2, 0, 20, 0
D1C_B03_S1_M2, 33, -2, 0, 21, 0
D1C_B03_S1_M6, 34, -2, 0, 22, 0
D1C_B03_S1_M1, 35, -2, 0, 23, 0
D1C_B03_S2_M4, 36, -2, 0, 24, 0
D1C_B03_S2_M3, 37, -2, 0, 25, 0
D1C_B03_S2_M5, 38, -2, 0, 26, 0
D1C_B03_S2_M2, 39, -2, 0, 27, 0
D1C_B03_S2_M6, 40, -2, 0, 28, 0
D1C_B03_S2_M1, 41, -2, 0, 29, 0
D1C_B04_S1_M4, 42, -2, 0, 30, 0
D1C_B04_S1_M3, 43, -2, 0, 31, 0
D1C_B04_S1_M5, 44, -2, 0, 32, 0
D1C_B04_S1_M2, 45, -2, 0, 33, 0
D1C_B04_S1_M6, 46, -2, 0, 34, 0
D1C_B04_S1_M1, 47, -2, 0, 35, 0
D1C_B04_S2_M4, 48, -2, 0, 36, 0
D1C_B04_S2_M3, 49, -2, 0, 37, 0
D1C_B04_S2_M5, 50, -2, 0, 38, 0
D1C_B04_S2_M2, 51, -2, 0, 39, 0
D1C_B04_S2_M6, 52, -2, 0, 40, 0
D1C_B04_S2_M1, 53, -2, 0, 41, 0
D1C_B01_S1_M4, 54, -2, 0, 42, 0
D1C_B01_S1_M3, 55, -2, 0, 43, 0
D1C_B01_S1_M5, 56, -2, 0, 44, 0
D1C_B01_S1_M2, 57, -2, 0, 45, 0
D1C_B01_S1_M6, 58, -2, 0, 46, 0
D1C_B01_S1_M1, 59, -2, 0, 47, 0
D2C_B01_S2_M4, 60, -2, 1, 0, 0
D2C_B01_S2_M3, 61, -2, 1, 1, 0
D2C_B01_S2_M5, 62, -2, 1, 2, 0
D2C_B01_S2_M2, 63, -2, 1, 3, 0
D2C_B01_S2_M6, 64, -2, 1, 4, 0
D2C_B01_S2_M1, 65, -2, 1, 5, 0
D2C_B02_S1_M4, 66, -2, 1, 6, 0
D2C_B02_S1_M3, 67, -2, 1, 7, 0
D2C_B02_S1_M5, 68, -2, 1, 8, 0
D2C_B02_S1_M2, 69, -2, 1, 9, 0
D2C_B02_S1_M6, 70, -2, 1, 10, 0
D2C_B02_S1_M1, 71, -2, 1, 11, 0
D2C_B02_S2_M4, 72, -2, 1, 12, 0
D2C_B02_S2_M3, 73, -2, 1, 13, 0
D2C_B02_S2_M5, 74, -2, 1, 14, 0
D2C_B02_S2_M2, 75, -2, 1, 15, 0
D2C_B02_S2_M6, 76, -2, 1, 16, 0
D2C_B02_S2_M1, 77, -2, 1, 17, 0
D2C_B03_S1_M4, 78, -2, 1, 18, 0
D2C_B03_S1_M3, 79, -2, 1, 19, 0
D2C_B03_S1_M5, 80, -2, 1, 20, 0
D2C_B03_S1_M2, 81, -2, 1, 21, 0
D2C_B03_S1_M6, 82, -2, 1, 22, 0
D2C_B03_S1_M1, 83, -2, 1, 23, 0
D2C_B03_S2_M4, 84, -2, 1, 24, 0
D2C_B03_S2_M3, 85, -2, 1, 25, 0
D2C_B03_S2_M5, 86, -2, 1, 26, 0
D2C_B03_S2_M2, 87, -2, 1, 27, 0
D2C_B03_S2_M6, 88, -2, 1, 28, 0
D2C_B03_S2_M1, 89, -2, 1, 29, 0
D2C_B04_S1_M4, 90, -2, 1, 30, 0
D2C_B04_S1_M3, 91, -2, 1, 31, 0
D2C_B04_S1_M5, 92, -2, 1, 32, 0
D2C_B04_S1_M2, 93, -2, 1, 33, 0
D2C_B04_S1_M6, 94, -2, 1, 34, 0
D2C_B04_S1_M1, 95, -2, 1, 35, 0
D2C_B04_S2_M4, 96, -2, 1, 36, 0
D2C_B04_S2_M3, 97, -2, 1, 37, 0
D2C_B04_S2_M5, 98, -2, 1, 38, 0
D2C_B04_S2_M2, 99, -2, 1, 39, 0
D2C_B04_S2_M6, 100, -2, 1, 40, 0
D2C_B04_S2_M1, 101, -2, 1, 41, 0
D2C_B01_S1_M4, 102, -2, 1, 42, 0
D2C_B01_S1_M3, 103, -2, 1, 43, 0
D2C_B01_S1_M5, 104, -2, 1, 44, 0
D2C_B01_S1_M2, 105, -2, 1, 45, 0
D2C_B01_S1_M6, 106, -2, 1, 46, 0
D2C_B01_S1_M1, 107, -2, 1, 47, 0
D3C_B01_S2_M4, 108, -2, 2, 0, 0
D3C_B01_S2_M3, 109, -2, 2, 1, 0
D3C_B01_S2_M5, 110, -2, 2, 2, 0
D3C_B01_S2_M2, 111, -2, 2, 3, 0
D3C_B01_S2_M6, 112, -2, 2, 4, 0
D3C_B01_S2_M1, 113, -2, 2, 5, 0
D3C_B02_S1_M4, 114, -2, 2, 6, 0
D3C_B02_S1_M3, 115, -2, 2, 7, 0
D3C_B02_S1_M5, 116, -2, 2, 8, 0
D3C_B02_S1_M2, 117, -2, 2, 9, 0
D3C_B02_S1_M6, 118, -2, 2, 10, 0
D3C_B02_S1_M1, 119, -2, 2, 11, 0
D3C_B02_S2_M4, 120, -2, 2, 12, 0
D3C_B02_S2_M3, 121, -2, 2, 13, 0
D3C_B02_S2_M5, 122, -2, 2, 14, 0
D3C_B02_S2_M2, 123, -2, 2, 15, 0
D3C_B02_S2_M6, 124, -2, 2, 16, 0
D3C_B02_S2_M1, 125, -2, 2, 17, 0
D3C_B03_S1_M4, 126, -2, 2, 18, 0
D3C_B03_S1_M3, 127, -2, 2, 19, 0
D3C_B03_S1_M5, 128, -2, 2, 20, 0
D3C_B03_S1_M2, 129, -2, 2, 21, 0
D3C_B03_S1_M6, 130, -2, 2, 22, 0
D3C_B03_S1_M1, 131, -2, 2, 23, 0
D3C_B03_S2_M4, 132, -2, 2, 24, 0
D3C_B03_S2_M3, 133, -2, 2, 25, 0
D3C_B03_S2_M5, 134, -2, 2, 26, 0
D3C_B03_S2_M2, 135, -2, 2, 27, 0
D3C_B03_S2_M6, 136, -2, 2, 28, 0
D3C_B03_S2_M1, 137, -2, 2, 29, 0
D3C_B04_S1_M4, 138, -2, 2, 30, 0
D3C_B04_S1_M3, 139, -2, 2, 31, 0
D3C_B04_S1_M5, 140, -2, 2, 32, 0
D3C_B04_S1_M2, 141, -2, 2, 33, 0
D3C_B04_S1_M6, 142, -2, 2, 34, 0
D3C_B04_S1_M1, 143, -2, 2, 35, 0
D3C_B04_S2_M4, 144, -2, 2, 36, 0
D3C_B04_S2_M3, 145, -2, 2, 37, 0
D3C_B04_S2_M5, 146, -2, 2, 38, 0
D3C_B04_S2_M2, 147, -2, 2, 39, 0
D3C_B04_S2_M6, 148, -2, 2, 40, 0
D3C_B04_S2_M1, 149, -2, 2, 41, 0
D3C_B01_S1_M4, 150, -2, 2, 42, 0
D3C_B01_S1_M3, 151, -2, 2, 43, 0
D3C_B01_S1_M5, 152, -2, 2, 44, 0
D3C_B01_S1_M2, 153, -2, 2, 45, 0
D3C_B01_S1_M6, 154, -2, 2, 46, 0
D3C_B01_S1_M1, 155, -2, 2, 47, 0
LI_S01_C_M4_C8_2, 156, 0, 0, 0, -10
LI_S01_C_M4_C8_1, 157, 0, 0, 0, -9
LI_S01_C_M4_C7_2, 158, 0, 0, 0, -8
LI_S01_C_M4_C7_1, 159, 0, 0, 0, -7
LI_S01_C_M3_C6, 160, 0, 0, 0, -6
LI_S01_C_M3_C5, 161, 0, 0, 0, -5
LI_S01_C_M2_C4, 162, 0, 0, 0, -4
LI_S01_C_M2_C3, 163, 0, 0, 0, -3
LI_S01_C_M1_C2, 164, 0, 0, 0, -2
LI_S01_C_M1_C1, 165, 0, 0, 0, -1
LI_S01_A_M1_A1, 166, 0, 0, 0, 0
LI_S01_A_M1_A2, 167, 0, 0, 0, 1
LI_S01_A_M2_A3, 168, 0, 0, 0, 2
LI_S01_A_M2_A4, 169, 0, 0, 0, 3
LI_S01_A_M3_A5, 170, 0, 0, 0, 4
LI_S01_A_M3_A6, 171, 0, 0, 0, 5
LI_S01_A_M4_A7_1, 172, 0, 0, 0, 6
LI_S01_A_M4_A7_2, 173, 0, 0, 0, 7
LI_S01_A_M4_A8_1, 174, 0, 0, 0, 8
LI_S01_A_M4_A8_2, 175, 0, 0, 0, 9
LI_S02_C_M4_C8_2, 176, 0, 0, 1, -10
LI_S02_C_M4_C8_1, 177, 0, 0, 1, -9
LI_S02_C_M4_C7_2, 178, 0, 0, 1, -8
LI_S02_C_M4_C7_1, 179, 0, 0, 1, -7
LI_S02_C_M3_C6, 180, 0, 0, 1, -6
LI_S02_C_M3_C5, 181, 0, 0, 1, -5
LI_S02_C_M2_C4, 182, 0, 0, 1, -4
LI_S02_C_M2_C3, 183, 0, 0, 1, -3
LI_S02_C_M1_C2, 184, 0, 0, 1, -2
LI_S02_C_M1_C1, 185, 0, 0, 1, -1
LI_S02_A_M1_A1, 186, 0, 0, 1, 0
LI_S02_A_M1_A2, 187, 0, 0, 1, 1
LI_S02_A_M2_A3, 188, 0, 0, 1, 2
LI_S02_A_M2_A4, 189, 0, 0, 1, 3
LI_S02_A_M3_A5, 190, 0, 0, 1, 4
LI_S02_A_M3_A6, 191, 0, 0, 1, 5
LI_S02_A_M4_A7_1, 192, 0, 0, 1, 6
LI_S02_A_M4_A7_2, 193, 0, 0, 1, 7
LI_S02_A_M4_A8_1, 194, 0, 0, 1, 8
LI_S02_A_M4_A8_2, 195, 0, 0, 1, 9
LI_S03_C_M4_C8_2, 196, 0, 0, 2, -10
LI_S03_C_M4_C8_1, 197, 0, 0, 2, -9
LI_S03_C_M4_C7_2, 198, 0, 0, 2, -8
LI_S03_C_M4_C7_1, 199, 0, 0, 2, -7
LI_S03_C_M3_C6, 200, 0, 0, 2, -6
LI_S03_C_M3_C5, 201, 0, 0, 2, -5
LI_S03_C_M2_C4, 202, 0, 0, 2, -4
LI_S03_C_M2_C3, 203, 0, 0, 2, -3
LI_S03_C_M1_C2, 204, 0, 0, 2, -2
LI_S03_C_M1_C1, 205, 0, 0, 2, -1
LI_S03_A_M1_A1, 206, 0, 0, 2, 0
LI_S03_A_M1_A2, 207, 0, 0, 2, 1
LI_S03_A_M2_A3, 208, 0, 0, 2, 2
LI_S03_A_M2_A4, 209, 0, 0, 2, 3
LI_S03_A_M3_A5, 210, 0, 0, 2, 4
LI_S03_A_M3_A6, 211, 0, 0, 2, 5
LI_S03_A_M4_A7_1, 212, 0, 0, 2, 6
LI_S03_A_M4_A7_2, 213, 0, 0, 2, 7
LI_S03_A_M4_A8_1, 214, 0, 0, 2, 8
LI_S03_A_M4_A8_2, 215, 0, 0, 2, 9
LI_S04_C_M4_C8_2, 216, 0, 0, 3, -10
LI_S04_C_M4_C8_1, 217, 0, 0, 3, -9
LI_S04_C_M4_C7_2, 218, 0, 0, 3, -8
LI_S04_C_M4_C7_1, 219, 0, 0, 3, -7
LI_S04_C_M3_C6, 220, 0, 0, 3, -6
LI_S04_C_M3_C5, 221, 0, 0, 3, -5
LI_S04_C_M2_C4, 222, 0, 0, 3, -4
LI_S04_C_M2_C3, 223, 0, 0, 3, -3
LI_S04_C_M1_C2, 224, 0, 0, 3, -2
LI_S04_C_M1_C1, 225, 0, 0, 3, -1
LI_S04_A_M1_A1, 226, 0, 0, 3, 0
LI_S04_A_M1_A2, 227, 0, 0, 3, 1
LI_S04_A_M2_A3, 228, 0, 0, 3, 2
LI_S04_A_M2_A4, 229, 0, 0, 3, 3
LI_S04_A_M3_A5, 230, 0, 0, 3, 4
LI_S04_A_M3_A6, 231, 0, 0, 3, 5
LI_S04_A_M4_A7_1, 232, 0, 0, 3, 6
LI_S04_A_M4_A7_2, 233, 0, 0, 3, 7
LI_S04_A_M4_A8_1, 234, 0, 0, 3, 8
LI_S04_A_M4_A8_2, 235, 0, 0, 3, 9
LI_S05_C_M4_C8_2, 236, 0, 0, 4, -10
LI_S05_C_M4_C8_1, 237, 0, 0, 4, -9
LI_S05_C_M4_C7_2, 238, 0, 0, 4, -8
LI_S05_C_M4_C7_1, 239, 0, 0, 4, -7
LI_S05_C_M3_C6, 240, 0, 0, 4, -6
LI_S05_C_M3_C5, 241, 0, 0, 4, -5
LI_S05_C_M2_C4, 242, 0, 0, 4, -4
LI_S05_C_M2_C3, 243, 0, 0, 4, -3
LI_S05_C_M1_C2, 244, 0, 0, 4, -2
LI_S05_C_M1_C1, 245, 0, 0, 4, -1
LI_S05_A_M1_A1, 246, 0, 0, 4, 0
LI_S05_A_M1_A2, 247, 0, 0, 4, 1
LI_S05_A_M2_A3, 248, 0, 0, 4, 2
LI_S05_A_M2_A4, 249, 0, 0, 4, 3
LI_S05_A_M3_A5, 250, 0, 0, 4, 4
LI_S05_A_M3_A6, 251, 0, 0, 4, 5
LI_S05_A_M4_A7_1, 252, 0, 0, 4, 6
LI_S05_A_M4_A7_2, 253, 0, 0, 4, 7
LI_S05_A_M4_A8_1, 254, 0, 0, 4, 8
LI_S05_A_M4_A8_2, 255, 0, 0, 4, 9
LI_S06_C_M4_C8_2, 256, 0, 0, 5, -10
LI_S06_C_M4_C8_1, 257, 0, 0, 5, -9
LI_S06_C_M4_C7_2, 258, 0, 0, 5, -8
LI_S06_C_M4_C7_1, 259, 0, 0, 5, -7
LI_S06_C_M3_C6, 260, 0, 0, 5, -6
LI_S06_C_M3_C5, 261, 0, 0, 5, -5
LI_S06_C_M2_C4, 262, 0, 0, 5, -4
LI_S06_C_M2_C3, 263, 0, 0, 5, -3
LI_S06_C_M1_C2, 264, 0, 0, 5, -2
LI_S06_C_M1_C1, 265, 0, 0, 5, -1
LI_S06_A_M1_A1, 266, 0, 0, 5, 0
LI_S06_A_M1_A2, 267, 0, 0, 5, 1
LI_S06_A_M2_A3, 268, 0, 0, 5, 2
LI_S06_A_M2_A4, 269, 0, 0, 5, 3
LI_S06_A_M3_A5, 270, 0, 0, 5, 4
LI_S06_A_M3_A6, 271, 0, 0, 5, 5
LI_S06_A_M4_A7_1, 272, 0, 0, 5, 6
LI_S06_A_M4_A7_2, 273, 0, 0, 5, 7
LI_S06_A_M4_A8_1, 274, 0, 0, 5, 8
LI_S06_A_M4_A8_2, 275, 0, 0, 5, 9
LI_S07_C_M4_C8_2, 276, 0, 0, 6, -10
LI_S07_C_M4_C8_1, 277, 0, 0, 6, -9
LI_S07_C_M4_C7_2, 278, 0, 0, 6, -8
LI_S07_C_M4_C7_1, 279, 0, 0, 6, -7
LI_S07_C_M3_C6, 280, 0, 0, 6, -6
LI_S07_C_M3_C5, 281, 0, 0, 6, -5
LI_S07_C_M2_C4, 282, 0, 0, 6, -4
LI_S07_C_M2_C3, 283, 0, 0, 6, -3
LI_S07_C_M1_C2, 284, 0, 0, 6, -2
LI_S07_C_M1_C1, 285, 0, 0, 6, -1
LI_S07_A_M1_A1, 286, 0, 0, 6, 0
LI_S07_A_M1_A2, 287, 0, 0, 6, 1
LI_S07_A_M2_A3, 288, 0, 0, 6, 2
LI_S07_A_M2_A4, 289, 0, 0, 6, 3
LI_S07_A_M3_A5, 290, 0, 0, 6, 4
LI_S07_A_M3_A6, 291, 0, 0, 6, 5
LI_S07_A_M4_A7_1, 292, 0, 0, 6, 6
LI_S07_A_M4_A7_2, 293, 0, 0, 6, 7
LI_S07_A_M4_A8_1, 294, 0, 0, 6, 8
LI_S07_A_M4_A8_2, 295, 0, 0, 6, 9
LI_S08_C_M4_C8_2, 296, 0, 0, 7, -10
LI_S08_C_M4_C8_1, 297, 0, 0, 7, -9
LI_S08_C_M4_C7_2, 298, 0, 0, 7, -8
LI_S08_C_M4_C7_1, 299, 0, 0, 7, -7
LI_S08_C_M3_C6, 300, 0, 0, 7, -6
LI_S08_C_M3_C5, 301, 0, 0, 7, -5
LI_S08_C_M2_C4, 302, 0, 0, 7, -4
LI_S08_C_M2_C3, 303, 0, 0, 7, -3
LI_S08_C_M1_C2, 304, 0, 0, 7, -2
LI_S08_C_M1_C1, 305, 0, 0, 7, -1
LI_S08_A_M1_A1, 306, 0, 0, 7, 0
LI_S08_A_M1_A2, 307, 0, 0, 7, 1
LI_S08_A_M2_A3, 308, 0, 0, 7, 2
LI_S08_A_M2_A4, 309, 0, 0, 7, 3
LI_S08_A_M3_A5, 310, 0, 0, 7, 4
LI_S08_A_M3_A6, 311, 0, 0, 7, 5
LI_S08_A_M4_A7_1, 312, 0, 0, 7, 6
LI_S08_A_M4_A7_2, 313, 0, 0, 7, 7
LI_S08_A_M4_A8_1, 314, 0, 0, 7, 8
LI_S08_A_M4_A8_2, 315, 0, 0, 7, 9
LI_S09_C_M4_C8_2, 316, 0, 0, 8, -10
LI_S09_C_M4_C8_1, 317, 0, 0, 8, -9
LI_S09_C_M4_C7_2, 318, 0, 0, 8, -8
LI_S09_C_M4_C7_1, 319, 0, 0, 8, -7
LI_S09_C_M3_C6, 320, 0, 0, 8, -6
LI_S09_C_M3_C5, 321, 0, 0, 8, -5
LI_S09_C_M2_C4, 322, 0, 0, 8, -4
LI_S09_C_M2_C3, 323, 0, 0, 8, -3
LI_S09_C_M1_C2, 324, 0, 0, 8, -2
LI_S09_C_M1_C1, 325, 0, 0, 8, -1
LI_S09_A_M1_A1, 326, 0, 0, 8, 0
LI_S09_A_M1_A2, 327, 0, 0, 8, 1
LI_S09_A_M2_A3, 328, 0, 0, 8, 2
LI_S09_A_M2_A4, 329, 0, 0, 8, 3
LI_S09_A_M3_A5, 330, 0, 0, 8, 4
LI_S09_A_M3_A6, 331, 0, 0, 8, 5
LI_S09_A_M4_A7_1, 332, 0, 0, 8, 6
LI_S09_A_M4_A7_2, 333, 0, 0, 8, 7
LI_S09_A_M4_A8_1, 334, 0, 0, 8, 8
LI_S09_A_M4_A8_2, 335, 0, 0, 8, 9
LI_S10_C_M4_C8_2, 336, 0, 0, 9, -10
LI_S10_C_M4_C8_1, 337, 0, 0, 9, -9
LI_S10_C_M4_C7_2, 338, 0, 0, 9, -8
LI_S10_C_M4_C7_1, 339, 0, 0, 9, -7
LI_S10_C_M3_C6, 340, 0, 0, 9, -6
LI_S10_C_M3_C5, 341, 0, 0, 9, -5
LI_S10_C_M2_C4, 342, 0, 0, 9, -4
LI_S10_C_M2_C3, 343, 0, 0, 9, -3
LI_S10_C_M1_C2, 344, 0, 0, 9, -2
LI_S10_C_M1_C1, 345, 0, 0, 9, -1
LI_S10_A_M1_A1, 346, 0, 0, 9, 0
LI_S10_A_M1_A2, 347, 0, 0, 9, 1
LI_S10_A_M2_A3, 348, 0, 0, 9, 2
LI_S10_A_M2_A4, 349, 0, 0, 9, 3
LI_S10_A_M3_A5, 350, 0, 0, 9, 4
LI_S10_A_M3_A6, 351, 0, 0, 9, 5
LI_S10_A_M4_A7_1, 352, 0, 0, 9, 6
LI_S10_A_M4_A7_2, 353, 0, 0, 9, 7
LI_S10_A_M4_A8_1, 354, 0, 0, 9, 8
LI_S10_A_M4_A8_2, 355, 0, 0, 9, 9
LI_S11_C_M4_C8_2, 356, 0, 0, 10, -10
LI_S11_C_M4_C8_1, 357, 0, 0, 10, -9
LI_S11_C_M4_C7_2, 358, 0, 0, 10, -8
LI_S11_C_M4_C7_1, 359, 0, 0, 10, -7
LI_S11_C_M3_C6, 360, 0, 0, 10, -6
LI_S11_C_M3_C5, 361, 0, 0, 10, -5
LI_S11_C_M2_C4, 362, 0, 0, 10, -4
LI_S11_C_M2_C3, 363, 0, 0, 10, -3
LI_S11_C_M1_C2, 364, 0, 0, 10, -2
LI_S11_C_M1_C1, 365, 0, 0, 10, -1
LI_S11_A_M1_A1, 366, 0, 0, 10, 0
LI_S11_A_M1_A2, 367, 0, 0, 10, 1
LI_S11_A_M2_A3, 368, 0, 0, 10, 2
LI_S11_A_M2_A4, 369, 0, 0, 10, 3
LI_S11_A_M3_A5, 370, 0, 0, 10, 4
LI_S11_A_M3_A6, 371, 0, 0, 10, 5
LI_S11_A_M4_A7_1, 372, 0, 0, 10, 6
LI_S11_A_M4_A7_2, 373, 0, 0, 10, 7
LI_S11_A_M4_A8_1, 374, 0, 0, 10, 8
LI_S11_A_M4_A8_2, 375, 0, 0, 10, 9
LI_S12_C_M4_C8_2, 376, 0, 0, 11, -10
LI_S12_C_M4_C8_1, 377, 0, 0, 11, -9
LI_S12_C_M4_C7_2, 378, 0, 0, 11, -8
LI_S12_C_M4_C7_1, 379, 0, 0, 11, -7
LI_S12_C_M3_C6, 380, 0, 0, 11, -6
LI_S12_C_M3_C5, 381, 0, 0, 11, -5
LI_S12_C_M2_C4, 382, 0, 0, 11, -4
LI_S12_C_M2_C3, 383, 0, 0, 11, -3
LI_S12_C_M1_C2, 384, 0, 0, 11, -2
LI_S12_C_M1_C1, 385, 0, 0, 11, -1
LI_S12_A_M1_A1, 386, 0, 0, 11, 0
LI_S12_A_M1_A2, 387, 0, 0, 11, 1
LI_S12_A_M2_A3, 388, 0, 0, 11, 2
LI_S12_A_M2_A4, 389, 0, 0, 11, 3
LI_S12_A_M3_A5, 390, 0, 0, 11, 4
LI_S12_A_M3_A6, 391, 0, 0, 11, 5
LI_S12_A_M4_A7_1, 392, 0, 0, 11, 6
LI_S12_A_M4_A7_2, 393, 0, 0, 11, 7
LI_S12_A_M4_A8_1, 394, 0, 0, 11, 8
LI_S12_A_M4_A8_2, 395, 0, 0, 11, 9
LI_S13_C_M4_C8_2, 396, 0, 0, 12, -10
LI_S13_C_M4_C8_1, 397, 0, 0, 12, -9
LI_S13_C_M4_C7_2, 398, 0, 0, 12, -8
LI_S13_C_M4_C7_1, 399, 0, 0, 12, -7
LI_S13_C_M3_C6, 400, 0, 0, 12, -6
LI_S13_C_M3_C5, 401, 0, 0, 12, -5
LI_S13_C_M2_C4, 402, 0, 0, 12, -4
LI_S13_C_M2_C3, 403, 0, 0, 12, -3
LI_S13_C_M1_C2, 404, 0, 0, 12, -2
LI_S13_C_M1_C1, 405, 0, 0, 12, -1
LI_S13_A_M1_A1, 406, 0, 0, 12, 0
LI_S13_A_M1_A2, 407, 0, 0, 12, 1
LI_S13_A_M2_A3, 408, 0, 0, 12, 2
LI_S13_A_M2_A4, 409, 0, 0, 12, 3
LI_S13_A_M3_A5, 410, 0, 0, 12, 4
LI_S13_A_M3_A6, 411, 0, 0, 12, 5
LI_S13_A_M4_A7_1, 412, 0, 0, 12, 6
LI_S13_A_M4_A7_2, 413, 0, 0, 12, 7
LI_S13_A_M4_A8_1, 414, 0, 0, 12, 8
LI_S13_A_M4_A8_2, 415, 0, 0, 12, 9
LI_S14_C_M4_C8_2, 416, 0, 0, 13, -10
LI_S14_C_M4_C8_1, 417, 0, 0, 13, -9
LI_S14_C_M4_C7_2, 418, 0, 0, 13, -8
LI_S14_C_M4_C7_1, 419, 0, 0, 13, -7
LI_S14_C_M3_C6, 420, 0, 0, 13, -6
LI_S14_C_M3_C5, 421, 0, 0, 13, -5
LI_S14_C_M2_C4, 422, 0, 0, 13, -4
LI_S14_C_M2_C3, 423, 0, 0, 13, -3
LI_S14_C_M1_C2, 424, 0, 0, 13, -2
LI_S14_C_M1_C1, 425, 0, 0, 13, -1
LI_S14_A_M1_A1, 426, 0, 0, 13, 0
LI_S14_A_M1_A2, 427, 0, 0, 13, 1
LI_S14_A_M2_A3, 428, 0, 0, 13, 2
LI_S14_A_M2_A4, 429, 0, 0, 13, 3
LI_S14_A_M3_A5, 430, 0, 0, 13, 4
LI_S14_A_M3_A6, 431, 0, 0, 13, 5
LI_S14_A_M4_A7_1, 432, 0, 0, 13, 6
LI_S14_A_M4_A7_2, 433, 0, 0, 13, 7
LI_S14_A_M4_A8_1, 434, 0, 0, 13, 8
LI_S14_A_M4_A8_2, 435, 0, 0, 13, 9
L0_B11_S2_C6_M6C, 436, 0, 1, 0, -6
L0_B11_S2_C6_M5C, 437, 0, 1, 0, -5
L0_B11_S2_C6_M4C, 438, 0, 1, 0, -4
L0_B11_S2_C6_M3C, 439, 0, 1, 0, -3
L0_B11_S2_C6_M2C, 440, 0, 1, 0, -2
L0_B11_S2_C6_M1C, 441, 0, 1, 0, -1
L0_B11_S2_A7_M0, 442, 0, 1, 0, 0
L0_B11_S2_A7_M1A, 443, 0, 1, 0, 1
L0_B11_S2_A7_M2A, 444, 0, 1, 0, 2
L0_B11_S2_A7_M3A, 445, 0, 1, 0, 3
L0_B11_S2_A7_M4A, 446, 0, 1, 0, 4
L0_B11_S2_A7_M5A, 447, 0, 1, 0, 5
L0_B11_S2_A7_M6A, 448, 0, 1, 0, 6
L0_B01_S1_C7_M6C, 449, 0, 1, 1, -6
L0_B01_S1_C7_M5C, 450, 0, 1, 1, -5
L0_B01_S1_C7_M4C, 451, 0, 1, 1, -4
L0_B01_S1_C7_M3C, 452, 0, 1, 1, -3
L0_B01_S1_C7_M2C, 453, 0, 1, 1, -2
L0_B01_S1_C7_M1C, 454, 0, 1, 1, -1
L0_B01_S1_C7_M0, 455, 0, 1, 1, 0
L0_B01_S1_A6_M1A, 456, 0, 1, 1, 1
L0_B01_S1_A6_M2A, 457, 0, 1, 1, 2
L0_B01_S1_A6_M3A, 458, 0, 1, 1, 3
L0_B01_S1_A6_M4A, 459, 0, 1, 1, 4
L0_B01_S1_A6_M5A, 460, 0, 1, 1, 5
L0_B01_S1_A6_M6A, 461, 0, 1, 1, 6
L0_B01_S2_C6_M6C, 462, 0, 1, 2, -6
L0_B01_S2_C6_M5C, 463, 0, 1, 2, -5
L0_B01_S2_C6_M4C, 464, 0, 1, 2, -4
L0_B01_S2_C6_M3C, 465, 0, 1, 2, -3
L0_B01_S2_C6_M2C, 466, 0, 1, 2, -2
L0_B01_S2_C6_M1C, 467, 0, 1, 2, -1
L0_B01_S2_A7_M0, 468, 0, 1, 2, 0
L0_B01_S2_A7_M1A, 469, 0, 1, 2, 1
L0_B01_S2_A7_M2A, 470, 0, 1, 2, 2
L0_B01_S2_A7_M3A, 471, 0, 1, 2, 3
L0_B01_S2_A7_M4A, 472, 0, 1, 2, 4
L0_B01_S2_A7_M5A, 473, 0, 1, 2, 5
L0_B01_S2_A7_M6A, 474, 0, 1, 2, 6
L0_B02_S1_C7_M6C, 475, 0, 1, 3, -6
L0_B02_S1_C7_M5C, 476, 0, 1, 3, -5
L0_B02_S1_C7_M4C, 477, 0, 1, 3, -4
L0_B02_S1_C7_M3C, 478, 0, 1, 3, -3
L0_B02_S1_C7_M2C, 479, 0, 1, 3, -2
L0_B02_S1_C7_M1C, 480, 0, 1, 3, -1
L0_B02_S1_C7_M0, 481, 0, 1, 3, 0
L0_B02_S1_A6_M1A, 482, 0, 1, 3, 1
L0_B02_S1_A6_M2A, 483, 0, 1, 3, 2
L0_B02_S1_A6_M3A, 484, 0, 1, 3, 3
L0_B02_S1_A6_M4A, 485, 0, 1, 3, 4
L0_B02_S1_A6_M5A, 486, 0, 1, 3, 5
L0_B02_S1_A6_M6A, 487, 0, 1, 3, 6
L0_B02_S2_C6_M6C, 488, 0, 1, 4, -6
L0_B02_S2_C6_M5C, 489, 0, 1, 4, -5
L0_B02_S2_C6_M4C, 490, 0, 1, 4, -4
L0_B02_S2_C6_M3C, 491, 0, 1, 4, -3
L0_B02_S2_C6_M2C, 492, 0, 1, 4, -2
L0_B02_S2_C6_M1C, 493, 0, 1, 4, -1
L0_B02_S2_A7_M0, 494, 0, 1, 4, 0
L0_B02_S2_A7_M1A, 495, 0, 1, 4, 1
L0_B02_S2_A7_M2A, 496, 0, 1, 4, 2
L0_B02_S2_A7_M3A, 497, 0, 1, 4, 3
L0_B02_S2_A7_M4A, 498, 0, 1, 4, 4
L0_B02_S2_A7_M5A, 499, 0, 1, 4, 5
L0_B02_S2_A7_M6A, 500, 0, 1, 4, 6
L0_B03_S1_C7_M6C, 501, 0, 1, 5, -6
L0_B03_S1_C7_M5C, 502, 0, 1, 5, -5
L0_B03_S1_C7_M4C, 503, 0, 1, 5, -4
L0_B03_S1_C7_M3C, 504, 0, 1, 5, -3
L0_B03_S1_C7_M2C, 505, 0, 1, 5, -2
L0_B03_S1_C7_M1C, 506, 0, 1, 5, -1
L0_B03_S1_C7_M0, 507, 0, 1, 5, 0
L0_B03_S1_A6_M1A, 508, 0, 1, 5, 1
L0_B03_S1_A6_M2A, 509, 0, 1, 5, 2
L0_B03_S1_A6_M3A, 510, 0, 1, 5, 3
L0_B03_S1_A6_M4A, 511, 0, 1, 5, 4
L0_B03_S1_A6_M5A, 512, 0, 1, 5, 5
L0_B03_S1_A6_M6A, 513, 0, 1, 5, 6
L0_B03_S2_C6_M6C, 514, 0, 1, 6, -6
L0_B03_S2_C6_M5C, 515, 0, 1, 6, -5
L0_B03_S2_C6_M4C, 516, 0, 1, 6, -4
L0_B03_S2_C6_M3C, 517, 0, 1, 6, -3
L0_B03_S2_C6_M2C, 518, 0, 1, 6, -2
L0_B03_S2_C6_M1C, 519, 0, 1, 6, -1
L0_B03_S2_A7_M0, 520, 0, 1, 6, 0
L0_B03_S2_A7_M1A, 521, 0, 1, 6, 1
L0_B03_S2_A7_M2A, 522, 0, 1, 6, 2
L0_B03_S2_A7_M3A, 523, 0, 1, 6, 3
L0_B03_S2_A7_M4A, 524, 0, 1, 6, 4
L0_B03_S2_A7_M5A, 525, 0, 1, 6, 5
L0_B03_S2_A7_M6A, 526, 0, 1, 6, 6
L0_B04_S1_C7_M6C, 527, 0, 1, 7, -6
L0_B04_S1_C7_M5C, 528, 0, 1, 7, -5
L0_B04_S1_C7_M4C, 529, 0, 1, 7, -4
L0_B04_S1_C7_M3C, 530, 0, 1, 7, -3
L0_B04_S1_C7_M2C, 531, 0, 1, 7, -2
L0_B04_S1_C7_M1C, 532, 0, 1, 7, -1
L0_B04_S1_C7_M0, 533, 0, 1, 7, 0
L0_B04_S1_A6_M1A, 534, 0, 1, 7, 1
L0_B04_S1_A6_M2A, 535, 0, 1, 7, 2
L0_B04_S1_A6_M3A, 536, 0, 1, 7, 3
L0_B04_S1_A6_M4A, 537, 0, 1, 7, 4
L0_B04_S1_A6_M5A, 538, 0, 1, 7, 5
L0_B04_S1_A6_M6A, 539, 0, 1, 7, 6
L0_B04_S2_C6_M6C, 540, 0, 1, 8, -6
L0_B04_S2_C6_M5C, 541, 0, 1, 8, -5
L0_B04_S2_C6_M4C, 542, 0, 1, 8, -4
L0_B04_S2_C6_M3C, 543, 0, 1, 8, -3
L0_B04_S2_C6_M2C, 544, 0, 1, 8, -2
L0_B04_S2_C6_M1C, 545, 0, 1, 8, -1
L0_B04_S2_A7_M0, 546, 0, 1, 8, 0
L0_B04_S2_A7_M1A, 547, 0, 1, 8, 1
L0_B04_S2_A7_M2A, 548, 0, 1, 8, 2
L0_B04_S2_A7_M3A, 549, 0, 1, 8, 3
L0_B04_S2_A7_M4A, 550, 0, 1, 8, 4
L0_B04_S2_A7_M5A, 551, 0, 1, 8, 5
L0_B04_S2_A7_M6A, 552, 0, 1, 8, 6
L0_B05_S1_C7_M6C, 553, 0, 1, 9, -6
L0_B05_S1_C7_M5C, 554, 0, 1, 9, -5
L0_B05_S1_C7_M4C, 555, 0, 1, 9, -4
L0_B05_S1_C7_M3C, 556, 0, 1, 9, -3
L0_B05_S1_C7_M2C, 557, 0, 1, 9, -2
L0_B05_S1_C7_M1C, 558, 0, 1, 9, -1
L0_B05_S1_C7_M0, 559, 0, 1, 9, 0
L0_B05_S1_A6_M1A, 560, 0, 1, 9, 1
L0_B05_S1_A6_M2A, 561, 0, 1, 9, 2
L0_B05_S1_A6_M3A, 562, 0, 1, 9, 3
L0_B05_S1_A6_M4A, 563, 0, 1, 9, 4
L0_B05_S1_A6_M5A, 564, 0, 1, 9, 5
L0_B05_S1_A6_M6A, 565, 0, 1, 9, 6
L0_B05_S2_C6_M6C, 566, 0, 1, 10, -6
L0_B05_S2_C6_M5C, 567, 0, 1, 10, -5
L0_B05_S2_C6_M4C, 568, 0, 1, 10, -4
L0_B05_S2_C6_M3C, 569, 0, 1, 10, -3
L0_B05_S2_C6_M2C, 570, 0, 1, 10, -2
L0_B05_S2_C6_M1C, 571, 0, 1, 10, -1
L0_B05_S2_A7_M0, 572, 0, 1, 10, 0
L0_B05_S2_A7_M1A, 573, 0, 1, 10, 1
L0_B05_S2_A7_M2A, 574, 0, 1, 10, 2
L0_B05_S2_A7_M3A, 575, 0, 1, 10, 3
L0_B05_S2_A7_M4A, 576, 0, 1, 10, 4
L0_B05_S2_A7_M5A, 577, 0, 1, 10, 5
L0_B05_S2_A7_M6A, 578, 0, 1, 10, 6
L0_B06_S1_C7_M6C, 579, 0, 1, 11, -6
L0_B06_S1_C7_M5C, 580, 0, 1, 11, -5
L0_B06_S1_C7_M4C, 581, 0, 1, 11, -4
L0_B06_S1_C7_M3C, 582, 0, 1, 11, -3
L0_B06_S1_C7_M2C, 583, 0, 1, 11, -2
L0_B06_S1_C7_M1C, 584, 0, 1, 11, -1
L0_B06_S1_C7_M0, 585, 0, 1, 11, 0
L0_B06_S1_A6_M1A, 586, 0, 1, 11, 1
L0_B06_S1_A6_M2A, 587, 0, 1, 11, 2
L0_B06_S1_A6_M3A, 588, 0, 1, 11, 3
L0_B06_S1_A6_M4A, 589, 0, 1, 11, 4
L0_B06_S1_A6_M5A, 590, 0, 1, 11, 5
L0_B06_S1_A6_M6A, 591, 0, 1, 11, 6
L0_B06_S2_C6_M6C, 592, 0, 1, 12, -6
L0_B06_S2_C6_M5C, 593, 0, 1, 12, -5
L0_B06_S2_C6_M4C, 594, 0, 1, 12, -4
L0_B06_S2_C6_M3C, 595, 0, 1, 12, -3
L0_B06_S2_C6_M2C, 596, 0, 1, 12, -2
L0_B06_S2_C6_M1C, 597, 0, 1, 12, -1
L0_B06_S2_A7_M0, 598, 0, 1, 12, 0
L0_B06_S2_A7_M1A, 599, 0, 1, 12, 1
L0_B06_S2_A7_M2A, 600, 0, 1, 12, 2
L0_B06_S2_A7_M3A, 601, 0, 1, 12, 3
L0_B06_S2_A7_M4A, 602, 0, 1, 12, 4
L0_B06_S2_A7_M5A, 603, 0, 1, 12, 5
L0_B06_S2_A7_M6A, 604, 0, 1, 12, 6
L0_B07_S1_C7_M6C, 605, 0, 1, 13, -6
L0_B07_S1_C7_M5C, 606, 0, 1, 13, -5
L0_B07_S1_C7_M4C, 607, 0, 1, 13, -4
L0_B07_S1_C7_M3C, 608, 0, 1, 13, -3
L0_B07_S1_C7_M2C, 609, 0, 1, 13, -2
L0_B07_S1_C7_M1C, 610, 0, 1, 13, -1
L0_B07_S1_C7_M0, 611, 0, 1, 13, 0
L0_B07_S1_A6_M1A, 612, 0, 1, 13, 1
L0_B07_S1_A6_M2A, 613, 0, 1, 13, 2
L0_B07_S1_A6_M3A, 614, 0, 1, 13, 3
L0_B07_S1_A6_M4A, 615, 0, 1, 13, 4
L0_B07_S1_A6_M5A, 616, 0, 1, 13, 5
L0_B07_S1_A6_M6A, 617, 0, 1, 13, 6
L0_B07_S2_C6_M6C, 618, 0, 1, 14, -6
L0_B07_S2_C6_M5C, 619, 0, 1, 14, -5
L0_B07_S2_C6_M4C, 620, 0, 1, 14, -4
L0_B07_S2_C6_M3C, 621, 0, 1, 14, -3
L0_B07_S2_C6_M2C, 622, 0, 1, 14, -2
L0_B07_S2_C6_M1C, 623, 0, 1, 14, -1
L0_B07_S2_A7_M0, 624, 0, 1, 14, 0
L0_B07_S2_A7_M1A, 625, 0, 1, 14, 1
L0_B07_S2_A7_M2A, 626, 0, 1, 14, 2
L0_B07_S2_A7_M3A, 627, 0, 1, 14, 3
L0_B07_S2_A7_M4A, 628, 0, 1, 14, 4
L0_B07_S2_A7_M5A, 629, 0, 1, 14, 5
L0_B07_S2_A7_M6A, 630, 0, 1, 14, 6
L0_B08_S1_C7_M6C, 631, 0, 1, 15, -6
L0_B08_S1_C7_M5C, 632, 0, 1, 15, -5
L0_B08_S1_C7_M4C, 633, 0, 1, 15, -4
L0_B08_S1_C7_M3C, 634, 0, 1, 15, -3
L0_B08_S1_C7_M2C, 635, 0, 1, 15, -2
L0_B08_S1_C7_M1C, 636, 0, 1, 15, -1
L0_B08_S1_C7_M0, 637, 0, 1, 15, 0
L0_B08_S1_A6_M1A, 638, 0, 1, 15, 1
L0_B08_S1_A6_M2A, 639, 0, 1, 15, 2
L0_B08_S1_A6_M3A, 640, 0, 1, 15, 3
L0_B08_S1_A6_M4A, 641, 0, 1, 15, 4
L0_B08_S1_A6_M5A, 642, 0, 1, 15, 5
L0_B08_S1_A6_M6A, 643, 0, 1, 15, 6
L0_B08_S2_C6_M6C, 644, 0, 1, 16, -6
L0_B08_S2_C6_M5C, 645, 0, 1, 16, -5
L0_B08_S2_C6_M4C, 646, 0, 1, 16, -4
L0_B08_S2_C6_M3C, 647, 0, 1, 16, -3
L0_B08_S2_C6_M2C, 648, 0, 1, 16, -2
L0_B08_S2_C6_M1C, 649, 0, 1, 16, -1
L0_B08_S2_A7_M0, 650, 0, 1, 16, 0
L0_B08_S2_A7_M1A, 651, 0, 1, 16, 1
L0_B08_S2_A7_M2A, 652, 0, 1, 16, 2
L0_B08_S2_A7_M3A, 653, 0, 1, 16, 3
L0_B08_S2_A7_M4A, 654, 0, 1, 16, 4
L0_B08_S2_A7_M5A, 655, 0, 1, 16, 5
L0_B08_S2_A7_M6A, 656, 0, 1, 16, 6
L0_B09_S1_C7_M6C, 657, 0, 1, 17, -6
L0_B09_S1_C7_M5C, 658, 0, 1, 17, -5
L0_B09_S1_C7_M4C, 659, 0, 1, 17, -4
L0_B09_S1_C7_M3C, 660, 0, 1, 17, -3
L0_B09_S1_C7_M2C, 661, 0, 1, 17, -2
L0_B09_S1_C7_M1C, 662, 0, 1, 17, -1
L0_B09_S1_C7_M0, 663, 0, 1, 17, 0
L0_B09_S1_A6_M1A, 664, 0, 1, 17, 1
L0_B09_S1_A6_M2A, 665, 0, 1, 17, 2
L0_B09_S1_A6_M3A, 666, 0, 1, 17, 3
L0_B09_S1_A6_M4A, 667, 0, 1, 17, 4
L0_B09_S1_A6_M5A, 668, 0, 1, 17, 5
L0_B09_S1_A6_M6A, 669, 0, 1, 17, 6
L0_B09_S2_C6_M6C, 670, 0, 1, 18, -6
L0_B09_S2_C6_M5C, 671, 0, 1, 18, -5
L0_B09_S2_C6_M4C, 672, 0, 1, 18, -4
L0_B09_S2_C6_M3C, 673, 0, 1, 18, -3
L0_B09_S2_C6_M2C, 674, 0, 1, 18, -2
L0_B09_S2_C6_M1C, 675, 0, 1, 18, -1
L0_B09_S2_A7_M0, 676, 0, 1, 18, 0
L0_B09_S2_A7_M1A, 677, 0, 1, 18, 1
L0_B09_S2_A7_M2A, 678, 0, 1, 18, 2
L0_B09_S2_A7_M3A, 679, 0, 1, 18, 3
L0_B09_S2_A7_M4A, 680, 0, 1, 18, 4
L0_B09_S2_A7_M5A, 681, 0, 1, 18, 5
L0_B09_S2_A7_M6A, 682, 0, 1, 18, 6
L0_B10_S1_C7_M6C, 683, 0, 1, 19, -6
L0_B10_S1_C7_M5C, 684, 0, 1, 19, -5
L0_B10_S1_C7_M4C, 685, 0, 1, 19, -4
L0_B10_S1_C7_M3C, 686, 0, 1, 19, -3
L0_B10_S1_C7_M2C, 687, 0, 1, 19, -2
L0_B10_S1_C7_M1C, 688, 0, 1, 19, -1
L0_B10_S1_C7_M0, 689, 0, 1, 19, 0
L0_B10_S1_A6_M1A, 690, 0, 1, 19, 1
L0_B10_S1_A6_M2A, 691, 0, 1, 19, 2
L0_B10_S1_A6_M3A, 692, 0, 1, 19, 3
L0_B10_S1_A6_M4A, 693, 0, 1, 19, 4
L0_B10_S1_A6_M5A, 694, 0, 1, 19, 5
L0_B10_S1_A6_M6A, 695, 0, 1, 19, 6
L0_B10_S2_C6_M6C, 696, 0, 1, 20, -6
L0_B10_S2_C6_M5C, 697, 0, 1, 20, -5
L0_B10_S2_C6_M4C, 698, 0, 1, 20, -4
L0_B10_S2_C6_M3C, 699, 0, 1, 20, -3
L0_B10_S2_C6_M2C, 700, 0, 1, 20, -2
L0_B10_S2_C6_M1C, 701, 0, 1, 20, -1
L0_B10_S2_A7_M0, 702, 0, 1, 20, 0
L0_B10_S2_A7_M1A, 703, 0, 1, 20, 1
L0_B10_S2_A7_M2A, 704, 0, 1, 20, 2
L0_B10_S2_A7_M3A, 705, 0, 1, 20, 3
L0_B10_S2_A7_M4A, 706, 0, 1, 20, 4
L0_B10_S2_A7_M5A, 707, 0, 1, 20, 5
L0_B10_S2_A7_M6A, 708, 0, 1, 20, 6
L0_B11_S1_C7_M6C, 709, 0, 1, 21, -6
L0_B11_S1_C7_M5C, 710, 0, 1, 21, -5
L0_B11_S1_C7_M4C, 711, 0, 1, 21, -4
L0_B11_S1_C7_M3C, 712, 0, 1, 21, -3
L0_B11_S1_C7_M2C, 713, 0, 1, 21, -2
L0_B11_S1_C7_M1C, 714, 0, 1, 21, -1
L0_B11_S1_C7_M0, 715, 0, 1, 21, 0
L0_B11_S1_A6_M1A, 716, 0, 1, 21, 1
L0_B11_S1_A6_M2A, 717, 0, 1, 21, 2
L0_B11_S1_A6_M3A, 718, 0, 1, 21, 3
L0_B11_S1_A6_M4A, 719, 0, 1, 21, 4
L0_B11_S1_A6_M5A, 720, 0, 1, 21, 5
L0_B11_S1_A6_M6A, 721, 0, 1, 21, 6
L1_B01_S1_C7_M6C, 722, 0, 2, 0, -6
L1_B01_S1_C7_M5C, 723, 0, 2, 0, -5
L1_B01_S1_C7_M4C, 724, 0, 2, 0, -4
L1_B01_S1_C7_M3C, 725, 0, 2, 0, -3
L1_B01_S1_C7_M2C, 726, 0, 2, 0, -2
L1_B01_S1_C7_M1C, 727, 0, 2, 0, -1
L1_B01_S1_C7_M0, 728, 0, 2, 0, 0
L1_B01_S1_A6_M1A, 729, 0, 2, 0, 1
L1_B01_S1_A6_M2A, 730, 0, 2, 0, 2
L1_B01_S1_A6_M3A, 731, 0, 2, 0, 3
L1_B01_S1_A6_M4A, 732, 0, 2, 0, 4
L1_B01_S1_A6_M5A, 733, 0, 2, 0, 5
L1_B01_S1_A6_M6A, 734, 0, 2, 0, 6
L1_B01_S2_C6_M6C, 735, 0, 2, 1, -6
L1_B01_S2_C6_M5C, 736, 0, 2, 1, -5
L1_B01_S2_C6_M4C, 737, 0, 2, 1, -4
L1_B01_S2_C6_M3C, 738, 0, 2, 1, -3
L1_B01_S2_C6_M2C, 739, 0, 2, 1, -2
L1_B01_S2_C6_M1C, 740, 0, 2, 1, -1
L1_B01_S2_A7_M0, 741, 0, 2, 1, 0
L1_B01_S2_A7_M1A, 742, 0, 2, 1, 1
L1_B01_S2_A7_M2A, 743, 0, 2, 1, 2
L1_B01_S2_A7_M3A, 744, 0, 2, 1, 3
L1_B01_S2_A7_M4A, 745, 0, 2, 1, 4
L1_B01_S2_A7_M5A, 746, 0, 2, 1, 5
L1_B01_S2_A7_M6A, 747, 0, 2, 1, 6
L1_B02_S1_C7_M6C, 748, 0, 2, 2, -6
L1_B02_S1_C7_M5C, 749, 0, 2, 2, -5
L1_B02_S1_C7_M4C, 750, 0, 2, 2, -4
L1_B02_S1_C7_M3C, 751, 0, 2, 2, -3
L1_B02_S1_C7_M2C, 752, 0, 2, 2, -2
L1_B02_S1_C7_M1C, 753, 0, 2, 2, -1
L1_B02_S1_C7_M0, 754, 0, 2, 2, 0
L1_B02_S1_A6_M1A, 755, 0, 2, 2, 1
L1_B02_S1_A6_M2A, 756, 0, 2, 2, 2
L1_B02_S1_A6_M3A, 757, 0, 2, 2, 3
L1_B02_S1_A6_M4A, 758, 0, 2, 2, 4
L1_B02_S1_A6_M5A, 759, 0, 2, 2, 5
L1_B02_S1_A6_M6A, 760, 0, 2, 2, 6
L1_B02_S2_C6_M6C, 761, 0, 2, 3, -6
L1_B02_S2_C6_M5C, 762, 0, 2, 3, -5
L1_B02_S2_C6_M4C, 763, 0, 2, 3, -4
L1_B02_S2_C6_M3C, 764, 0, 2, 3, -3
L1_B02_S2_C6_M2C, 765, 0, 2, 3, -2
L1_B02_S2_C6_M1C, 766, 0, 2, 3, -1
L1_B02_S2_A7_M0, 767, 0, 2, 3, 0
L1_B02_S2_A7_M1A, 768, 0, 2, 3, 1
L1_B02_S2_A7_M2A, 769, 0, 2, 3, 2
L1_B02_S2_A7_M3A, 770, 0, 2, 3, 3
L1_B02_S2_A7_M4A, 771, 0, 2, 3, 4
L1_B02_S2_A7_M5A, 772, 0, 2, 3, 5
L1_B02_S2_A7_M6A, 773, 0, 2, 3, 6
L1_B03_S1_C7_M6C, 774, 0, 2, 4, -6
L1_B03_S1_C7_M5C, 775, 0, 2, 4, -5
L1_B03_S1_C7_M4C, 776, 0, 2, 4, -4
L1_B03_S1_C7_M3C, 777, 0, 2, 4, -3
L1_B03_S1_C7_M2C, 778, 0, 2, 4, -2
L1_B03_S1_C7_M1C, 779, 0, 2, 4, -1
L1_B03_S1_C7_M0, 780, 0, 2, 4, 0
L1_B03_S1_A6_M1A, 781, 0, 2, 4, 1
L1_B03_S1_A6_M2A, 782, 0, 2, 4, 2
L1_B03_S1_A6_M3A, 783, 0, 2, 4, 3
L1_B03_S1_A6_M4A, 784, 0, 2, 4, 4
L1_B03_S1_A6_M5A, 785, 0, 2, 4, 5
L1_B03_S1_A6_M6A, 786, 0, 2, 4, 6
L1_B03_S2_C6_M6C, 787, 0, 2, 5, -6
L1_B03_S2_C6_M5C, 788, 0, 2, 5, -5
L1_B03_S2_C6_M4C, 789, 0, 2, 5, -4
L1_B03_S2_C6_M3C, 790, 0, 2, 5, -3
L1_B03_S2_C6_M2C, 791, 0, 2, 5, -2
L1_B03_S2_C6_M1C, 792, 0, 2, 5, -1
L1_B03_S2_A7_M0, 793, 0, 2, 5, 0
L1_B03_S2_A7_M1A, 794, 0, 2, 5, 1
L1_B03_S2_A7_M2A, 795, 0, 2, 5, 2
L1_B03_S2_A7_M3A, 796, 0, 2, 5, 3
L1_B03_S2_A7_M4A, 797, 0, 2, 5, 4
L1_B03_S2_A7_M5A, 798, 0, 2, 5, 5
L1_B03_S2_A7_M6A, 799, 0, 2, 5, 6
L1_B04_S1_C7_M6C, 800, 0, 2, 6, -6
L1_B04_S1_C7_M5C, 801, 0, 2, 6, -5
L1_B04_S1_C7_M4C, 802, 0, 2, 6, -4
L1_B04_S1_C7_M3C, 803, 0, 2, 6, -3
L1_B04_S1_C7_M2C, 804, 0, 2, 6, -2
L1_B04_S1_C7_M1C, 805, 0, 2, 6, -1
L1_B04_S1_C7_M0, 806, 0, 2, 6, 0
L1_B04_S1_A6_M1A, 807, 0, 2, 6, 1
L1_B04_S1_A6_M2A, 808, 0, 2, 6, 2
L1_B04_S1_A6_M3A, 809, 0, 2, 6, 3
L1_B04_S1_A6_M4A, 810, 0, 2, 6, 4
L1_B04_S1_A6_M5A, 811, 0, 2, 6, 5
L1_B04_S1_A6_M6A, 812, 0, 2, 6, 6
L1_B04_S2_C6_M6C, 813, 0, 2, 7, -6
L1_B04_S2_C6_M5C, 814, 0, 2, 7, -5
L1_B04_S2_C6_M4C, 815, 0, 2, 7, -4
L1_B04_S2_C6_M3C, 816, 0, 2, 7, -3
L1_B04_S2_C6_M2C, 817, 0, 2, 7, -2
L1_B04_S2_C6_M1C, 818, 0, 2, 7, -1
L1_B04_S2_A7_M0, 819, 0, 2, 7, 0
L1_B04_S2_A7_M1A, 820, 0, 2, 7, 1
L1_B04_S2_A7_M2A, 821, 0, 2, 7, 2
L1_B04_S2_A7_M3A, 822, 0, 2, 7, 3
L1_B04_S2_A7_M4A, 823, 0, 2, 7, 4
L1_B04_S2_A7_M5A, 824, 0, 2, 7, 5
L1_B04_S2_A7_M6A, 825, 0, 2, 7, 6
L1_B05_S1_C7_M6C, 826, 0, 2, 8, -6
L1_B05_S1_C7_M5C, 827, 0, 2, 8, -5
L1_B05_S1_C7_M4C, 828, 0, 2, 8, -4
L1_B05_S1_C7_M3C, 829, 0, 2, 8, -3
L1_B05_S1_C7_M2C, 830, 0, 2, 8, -2
L1_B05_S1_C7_M1C, 831, 0, 2, 8, -1
L1_B05_S1_C7_M0, 832, 0, 2, 8, 0
L1_B05_S1_A6_M1A, 833, 0, 2, 8, 1
L1_B05_S1_A6_M2A, 834, 0, 2, 8, 2
L1_B05_S1_A6_M3A, 835, 0, 2, 8, 3
L1_B05_S1_A6_M4A, 836, 0, 2, 8, 4
L1_B05_S1_A6_M5A, 837, 0, 2, 8, 5
L1_B05_S1_A6_M6A, 838, 0, 2, 8, 6
L1_B05_S2_C6_M6C, 839, 0, 2, 9, -6
L1_B05_S2_C6_M5C, 840, 0, 2, 9, -5
L1_B05_S2_C6_M4C, 841, 0, 2, 9, -4
L1_B05_S2_C6_M3C, 842, 0, 2, 9, -3
L1_B05_S2_C6_M2C, 843, 0, 2, 9, -2
L1_B05_S2_C6_M1C, 844, 0, 2, 9, -1
L1_B05_S2_A7_M0, 845, 0, 2, 9, 0
L1_B05_S2_A7_M1A, 846, 0, 2, 9, 1
L1_B05_S2_A7_M2A, 847, 0, 2, 9, 2
L1_B05_S2_A7_M3A, 848, 0, 2, 9, 3
L1_B05_S2_A7_M4A, 849, 0, 2, 9, 4
L1_B05_S2_A7_M5A, 850, 0, 2, 9, 5
L1_B05_S2_A7_M6A, 851, 0, 2, 9, 6
L1_B06_S1_C7_M6C, 852, 0, 2, 10, -6
L1_B06_S1_C7_M5C, 853, 0, 2, 10, -5
L1_B06_S1_C7_M4C, 854, 0, 2, 10, -4
L1_B06_S1_C7_M3C, 855, 0, 2, 10, -3
L1_B06_S1_C7_M2C, 856, 0, 2, 10, -2
L1_B06_S1_C7_M1C, 857, 0, 2, 10, -1
L1_B06_S1_C7_M0, 858, 0, 2, 10, 0
L1_B06_S1_A6_M1A, 859, 0, 2, 10, 1
L1_B06_S1_A6_M2A, 860, 0, 2, 10, 2
L1_B06_S1_A6_M3A, 861, 0, 2, 10, 3
L1_B06_S1_A6_M4A, 862, 0, 2, 10, 4
L1_B06_S1_A6_M5A, 863, 0, 2, 10, 5
L1_B06_S1_A6_M6A, 864, 0, 2, 10, 6
L1_B06_S2_C6_M6C, 865, 0, 2, 11, -6
L1_B06_S2_C6_M5C, 866, 0, 2, 11, -5
L1_B06_S2_C6_M4C, 867, 0, 2, 11, -4
L1_B06_S2_C6_M3C, 868, 0, 2, 11, -3
L1_B06_S2_C6_M2C, 869, 0, 2, 11, -2
L1_B06_S2_C6_M1C, 870, 0, 2, 11, -1
L1_B06_S2_A7_M0, 871, 0, 2, 11, 0
L1_B06_S2_A7_M1A, 872, 0, 2, 11, 1
L1_B06_S2_A7_M2A, 873, 0, 2, 11, 2
L1_B06_S2_A7_M3A, 874, 0, 2, 11, 3
L1_B06_S2_A7_M4A, 875, 0, 2, 11, 4
L1_B06_S2_A7_M5A, 876, 0, 2, 11, 5
L1_B06_S2_A7_M6A, 877, 0, 2, 11, 6
L1_B07_S1_C7_M6C, 878, 0, 2, 12, -6
L1_B07_S1_C7_M5C, 879, 0, 2, 12, -5
L1_B07_S1_C7_M4C, 880, 0, 2, 12, -4
L1_B07_S1_C7_M3C, 881, 0, 2, 12, -3
L1_B07_S1_C7_M2C, 882, 0, 2, 12, -2
L1_B07_S1_C7_M1C, 883, 0, 2, 12, -1
L1_B07_S1_C7_M0, 884, 0, 2, 12, 0
L1_B07_S1_A6_M1A, 885, 0, 2, 12, 1
L1_B07_S1_A6_M2A, 886, 0, 2, 12, 2
L1_B07_S1_A6_M3A, 887, 0, 2, 12, 3
L1_B07_S1_A6_M4A, 888, 0, 2, 12, 4
L1_B07_S1_A6_M5A, 889, 0, 2, 12, 5
L1_B07_S1_A6_M6A, 890, 0, 2, 12, 6
L1_B07_S2_C6_M6C, 891, 0, 2, 13, -6
L1_B07_S2_C6_M5C, 892, 0, 2, 13, -5
L1_B07_S2_C6_M4C, 893, 0, 2, 13, -4
L1_B07_S2_C6_M3C, 894, 0, 2, 13, -3
L1_B07_S2_C6_M2C, 895, 0, 2, 13, -2
L1_B07_S2_C6_M1C, 896, 0, 2, 13, -1
L1_B07_S2_A7_M0, 897, 0, 2, 13, 0
L1_B07_S2_A7_M1A, 898, 0, 2, 13, 1
L1_B07_S2_A7_M2A, 899, 0, 2, 13, 2
L1_B07_S2_A7_M3A, 900, 0, 2, 13, 3
L1_B07_S2_A7_M4A, 901, 0, 2, 13, 4
L1_B07_S2_A7_M5A, 902, 0, 2, 13, 5
L1_B07_S2_A7_M6A, 903, 0, 2, 13, 6
L1_B08_S1_C7_M6C, 904, 0, 2, 14, -6
L1_B08_S1_C7_M5C, 905, 0, 2, 14, -5
L1_B08_S1_C7_M4C, 906, 0, 2, 14, -4
L1_B08_S1_C7_M3C, 907, 0, 2, 14, -3
L1_B08_S1_C7_M2C, 908, 0, 2, 14, -2
L1_B08_S1_C7_M1C, 909, 0, 2, 14, -1
L1_B08_S1_C7_M0, 910, 0, 2, 14, 0
L1_B08_S1_A6_M1A, 911, 0, 2, 14, 1
L1_B08_S1_A6_M2A, 912, 0, 2, 14, 2
L1_B08_S1_A6_M3A, 913, 0, 2, 14, 3
L1_B08_S1_A6_M4A, 914, 0, 2, 14, 4
L1_B08_S1_A6_M5A, 915, 0, 2, 14, 5
L1_B08_S1_A6_M6A, 916, 0, 2, 14, 6
L1_B08_S2_C6_M6C, 917, 0, 2, 15, -6
L1_B08_S2_C6_M5C, 918, 0, 2, 15, -5
L1_B08_S2_C6_M4C, 919, 0, 2, 15, -4
L1_B08_S2_C6_M3C, 920, 0, 2, 15, -3
L1_B08_S2_C6_M2C, 921, 0, 2, 15, -2
L1_B08_S2_C6_M1C, 922, 0, 2, 15, -1
L1_B08_S2_A7_M0, 923, 0, 2, 15, 0
L1_B08_S2_A7_M1A, 924, 0, 2, 15, 1
L1_B08_S2_A7_M2A, 925, 0, 2, 15, 2
L1_B08_S2_A7_M3A, 926, 0, 2, 15, 3
L1_B08_S2_A7_M4A, 927, 0, 2, 15, 4
L1_B08_S2_A7_M5A, 928, 0, 2, 15, 5
L1_B08_S2_A7_M6A, 929, 0, 2, 15, 6
L1_B09_S1_C7_M6C, 930, 0, 2, 16, -6
L1_B09_S1_C7_M5C, 931, 0, 2, 16, -5
L1_B09_S1_C7_M4C, 932, 0, 2, 16, -4
L1_B09_S1_C7_M3C, 933, 0, 2, 16, -3
L1_B09_S1_C7_M2C, 934, 0, 2, 16, -2
L1_B09_S1_C7_M1C, 935, 0, 2, 16, -1
L1_B09_S1_C7_M0, 936, 0, 2, 16, 0
L1_B09_S1_A6_M1A, 937, 0, 2, 16, 1
L1_B09_S1_A6_M2A, 938, 0, 2, 16, 2
L1_B09_S1_A6_M3A, 939, 0, 2, 16, 3
L1_B09_S1_A6_M4A, 940, 0, 2, 16, 4
L1_B09_S1_A6_M5A, 941, 0, 2, 16, 5
L1_B09_S1_A6_M6A, 942, 0, 2, 16, 6
L1_B09_S2_C6_M6C, 943, 0, 2, 17, -6
L1_B09_S2_C6_M5C, 944, 0, 2, 17, -5
L1_B09_S2_C6_M4C, 945, 0, 2, 17, -4
L1_B09_S2_C6_M3C, 946, 0, 2, 17, -3
L1_B09_S2_C6_M2C, 947, 0, 2, 17, -2
L1_B09_S2_C6_M1C, 948, 0, 2, 17, -1
L1_B09_S2_A7_M0, 949, 0, 2, 17, 0
L1_B09_S2_A7_M1A, 950, 0, 2, 17, 1
L1_B09_S2_A7_M2A, 951, 0, 2, 17, 2
L1_B09_S2_A7_M3A, 952, 0, 2, 17, 3
L1_B09_S2_A7_M4A, 953, 0, 2, 17, 4
L1_B09_S2_A7_M5A, 954, 0, 2, 17, 5
L1_B09_S2_A7_M6A, 955, 0, 2, 17, 6
L1_B10_S1_C7_M6C, 956, 0, 2, 18, -6
L1_B10_S1_C7_M5C, 957, 0, 2, 18, -5
L1_B10_S1_C7_M4C, 958, 0, 2, 18, -4
L1_B10_S1_C7_M3C, 959, 0, 2, 18, -3
L1_B10_S1_C7_M2C, 960, 0, 2, 18, -2
L1_B10_S1_C7_M1C, 961, 0, 2, 18, -1
L1_B10_S1_C7_M0, 962, 0, 2, 18, 0
L1_B10_S1_A6_M1A, 963, 0, 2, 18, 1
L1_B10_S1_A6_M2A, 964, 0, 2, 18, 2
L1_B10_S1_A6_M3A, 965, 0, 2, 18, 3
L1_B10_S1_A6_M4A, 966, 0, 2, 18, 4
L1_B10_S1_A6_M5A, 967, 0, 2, 18, 5
L1_B10_S1_A6_M6A, 968, 0, 2, 18, 6
L1_B10_S2_C6_M6C, 969, 0, 2, 19, -6
L1_B10_S2_C6_M5C, 970, 0, 2, 19, -5
L1_B10_S2_C6_M4C, 971, 0, 2, 19, -4
L1_B10_S2_C6_M3C, 972, 0, 2, 19, -3
L1_B10_S2_C6_M2C, 973, 0, 2, 19, -2
L1_B10_S2_C6_M1C, 974, 0, 2, 19, -1
L1_B10_S2_A7_M0, 975, 0, 2, 19, 0
L1_B10_S2_A7_M1A, 976, 0, 2, 19, 1
L1_B10_S2_A7_M2A, 977, 0, 2, 19, 2
L1_B10_S2_A7_M3A, 978, 0, 2, 19, 3
L1_B10_S2_A7_M4A, 979, 0, 2, 19, 4
L1_B10_S2_A7_M5A, 980, 0, 2, 19, 5
L1_B10_S2_A7_M6A, 981, 0, 2, 19, 6
L1_B11_S1_C7_M6C, 982, 0, 2, 20, -6
L1_B11_S1_C7_M5C, 983, 0, 2, 20, -5
L1_B11_S1_C7_M4C, 984, 0, 2, 20, -4
L1_B11_S1_C7_M3C, 985, 0, 2, 20, -3
L1_B11_S1_C7_M2C, 986, 0, 2, 20, -2
L1_B11_S1_C7_M1C, 987, 0, 2, 20, -1
L1_B11_S1_C7_M0, 988, 0, 2, 20, 0
L1_B11_S1_A6_M1A, 989, 0, 2, 20, 1
L1_B11_S1_A6_M2A, 990, 0, 2, 20, 2
L1_B11_S1_A6_M3A, 991, 0, 2, 20, 3
L1_B11_S1_A6_M4A, 992, 0, 2, 20, 4
L1_B11_S1_A6_M5A, 993, 0, 2, 20, 5
L1_B11_S1_A6_M6A, 994, 0, 2, 20, 6
L1_B11_S2_C6_M6C, 995, 0, 2, 21, -6
L1_B11_S2_C6_M5C, 996, 0, 2, 21, -5
L1_B11_S2_C6_M4C, 997, 0, 2, 21, -4
L1_B11_S2_C6_M3C, 998, 0, 2, 21, -3
L1_B11_S2_C6_M2C, 999, 0, 2, 21, -2
L1_B11_S2_C6_M1C, 1000, 0, 2, 21, -1
L1_B11_S2_A7_M0, 1001, 0, 2, 21, 0
L1_B11_S2_A7_M1A, 1002, 0, 2, 21, 1
L1_B11_S2_A7_M2A, 1003, 0, 2, 21, 2
L1_B11_S2_A7_M3A, 1004, 0, 2, 21, 3
L1_B11_S2_A7_M4A, 1005, 0, 2, 21, 4
L1_B11_S2_A7_M5A, 1006, 0, 2, 21, 5
L1_B11_S2_A7_M6A, 1007, 0, 2, 21, 6
L1_B12_S1_C7_M6C, 1008, 0, 2, 22, -6
L1_B12_S1_C7_M5C, 1009, 0, 2, 22, -5
L1_B12_S1_C7_M4C, 1010, 0, 2, 22, -4
L1_B12_S1_C7_M3C, 1011, 0, 2, 22, -3
L1_B12_S1_C7_M2C, 1012, 0, 2, 22, -2
L1_B12_S1_C7_M1C, 1013, 0, 2, 22, -1
L1_B12_S1_C7_M0, 1014, 0, 2, 22, 0
L1_B12_S1_A6_M1A, 1015, 0, 2, 22, 1
L1_B12_S1_A6_M2A, 1016, 0, 2, 22, 2
L1_B12_S1_A6_M3A, 1017, 0, 2, 22, 3
L1_B12_S1_A6_M4A, 1018, 0, 2, 22, 4
L1_B12_S1_A6_M5A, 1019, 0, 2, 22, 5
L1_B12_S1_A6_M6A, 1020, 0, 2, 22, 6
L1_B12_S2_C6_M6C, 1021, 0, 2, 23, -6
L1_B12_S2_C6_M5C, 1022, 0, 2, 23, -5
L1_B12_S2_C6_M4C, 1023, 0, 2, 23, -4
L1_B12_S2_C6_M3C, 1024, 0, 2, 23, -3
L1_B12_S2_C6_M2C, 1025, 0, 2, 23, -2
L1_B12_S2_C6_M1C, 1026, 0, 2, 23, -1
L1_B12_S2_A7_M0, 1027, 0, 2, 23, 0
L1_B12_S2_A7_M1A, 1028, 0, 2, 23, 1
L1_B12_S2_A7_M2A, 1029, 0, 2, 23, 2
L1_B12_S2_A7_M3A, 1030, 0, 2, 23, 3
L1_B12_S2_A7_M4A, 1031, 0, 2, 23, 4
L1_B12_S2_A7_M5A, 1032, 0, 2, 23, 5
L1_B12_S2_A7_M6A, 1033, 0, 2, 23, 6
L1_B13_S1_C7_M6C, 1034, 0, 2, 24, -6
L1_B13_S1_C7_M5C, 1035, 0, 2, 24, -5
L1_B13_S1_C7_M4C, 1036, 0, 2, 24, -4
L1_B13_S1_C7_M3C, 1037, 0, 2, 24, -3
L1_B13_S1_C7_M2C, 1038, 0, 2, 24, -2
L1_B13_S1_C7_M1C, 1039, 0, 2, 24, -1
L1_B13_S1_C7_M0, 1040, 0, 2, 24, 0
L1_B13_S1_A6_M1A, 1041, 0, 2, 24, 1
L1_B13_S1_A6_M2A, 1042, 0, 2, 24, 2
L1_B13_S1_A6_M3A, 1043, 0, 2, 24, 3
L1_B13_S1_A6_M4A, 1044, 0, 2, 24, 4
L1_B13_S1_A6_M5A, 1045, 0, 2, 24, 5
L1_B13_S1_A6_M6A, 1046, 0, 2, 24, 6
L1_B13_S2_C6_M6C, 1047, 0, 2, 25, -6
L1_B13_S2_C6_M5C, 1048, 0, 2, 25, -5
L1_B13_S2_C6_M4C, 1049, 0, 2, 25, -4
L1_B13_S2_C6_M3C, 1050, 0, 2, 25, -3
L1_B13_S2_C6_M2C, 1051, 0, 2, 25, -2
L1_B13_S2_C6_M1C, 1052, 0, 2, 25, -1
L1_B13_S2_A7_M0, 1053, 0, 2, 25, 0
L1_B13_S2_A7_M1A, 1054, 0, 2, 25, 1
L1_B13_S2_A7_M2A, 1055, 0, 2, 25, 2
L1_B13_S2_A7_M3A, 1056, 0, 2, 25, 3
L1_B13_S2_A7_M4A, 1057, 0, 2, 25, 4
L1_B13_S2_A7_M5A, 1058, 0, 2, 25, 5
L1_B13_S2_A7_M6A, 1059, 0, 2, 25, 6
L1_B14_S1_C7_M6C, 1060, 0, 2, 26, -6
L1_B14_S1_C7_M5C, 1061, 0, 2, 26, -5
L1_B14_S1_C7_M4C, 1062, 0, 2, 26, -4
L1_B14_S1_C7_M3C, 1063, 0, 2, 26, -3
L1_B14_S1_C7_M2C, 1064, 0, 2, 26, -2
L1_B14_S1_C7_M1C, 1065, 0, 2, 26, -1
L1_B14_S1_C7_M0, 1066, 0, 2, 26, 0
L1_B14_S1_A6_M1A, 1067, 0, 2, 26, 1
L1_B14_S1_A6_M2A, 1068, 0, 2, 26, 2
L1_B14_S1_A6_M3A, 1069, 0, 2, 26, 3
L1_B14_S1_A6_M4A, 1070, 0, 2, 26, 4
L1_B14_S1_A6_M5A, 1071, 0, 2, 26, 5
L1_B14_S1_A6_M6A, 1072, 0, 2, 26, 6
L1_B14_S2_C6_M6C, 1073, 0, 2, 27, -6
L1_B14_S2_C6_M5C, 1074, 0, 2, 27, -5
L1_B14_S2_C6_M4C, 1075, 0, 2, 27, -4
L1_B14_S2_C6_M3C, 1076, 0, 2, 27, -3
L1_B14_S2_C6_M2C, 1077, 0, 2, 27, -2
L1_B14_S2_C6_M1C, 1078, 0, 2, 27, -1
L1_B14_S2_A7_M0, 1079, 0, 2, 27, 0
L1_B14_S2_A7_M1A, 1080, 0, 2, 27, 1
L1_B14_S2_A7_M2A, 1081, 0, 2, 27, 2
L1_B14_S2_A7_M3A, 1082, 0, 2, 27, 3
L1_B14_S2_A7_M4A, 1083, 0, 2, 27, 4
L1_B14_S2_A7_M5A, 1084, 0, 2, 27, 5
L1_B14_S2_A7_M6A, 1085, 0, 2, 27, 6
L1_B15_S1_C7_M6C, 1086, 0, 2, 28, -6
L1_B15_S1_C7_M5C, 1087, 0, 2, 28, -5
L1_B15_S1_C7_M4C, 1088, 0, 2, 28, -4
L1_B15_S1_C7_M3C, 1089, 0, 2, 28, -3
L1_B15_S1_C7_M2C, 1090, 0, 2, 28, -2
L1_B15_S1_C7_M1C, 1091, 0, 2, 28, -1
L1_B15_S1_C7_M0, 1092, 0, 2, 28, 0
L1_B15_S1_A6_M1A, 1093, 0, 2, 28, 1
L1_B15_S1_A6_M2A, 1094, 0, 2, 28, 2
L1_B15_S1_A6_M3A, 1095, 0, 2, 28, 3
L1_B15_S1_A6_M4A, 1096, 0, 2, 28, 4
L1_B15_S1_A6_M5A, 1097, 0, 2, 28, 5
L1_B15_S1_A6_M6A, 1098, 0, 2, 28, 6
L1_B15_S2_C6_M6C, 1099, 0, 2, 29, -6
L1_B15_S2_C6_M5C, 1100, 0, 2, 29, -5
L1_B15_S2_C6_M4C, 1101, 0, 2, 29, -4
L1_B15_S2_C6_M3C, 1102, 0, 2, 29, -3
L1_B15_S2_C6_M2C, 1103, 0, 2, 29, -2
L1_B15_S2_C6_M1C, 1104, 0, 2, 29, -1
L1_B15_S2_A7_M0, 1105, 0, 2, 29, 0
L1_B15_S2_A7_M1A, 1106, 0, 2, 29, 1
L1_B15_S2_A7_M2A, 1107, 0, 2, 29, 2
L1_B15_S2_A7_M3A, 1108, 0, 2, 29, 3
L1_B15_S2_A7_M4A, 1109, 0, 2, 29, 4
L1_B15_S2_A7_M5A, 1110, 0, 2, 29, 5
L1_B15_S2_A7_M6A, 1111, 0, 2, 29, 6
L1_B16_S1_C7_M6C, 1112, 0, 2, 30, -6
L1_B16_S1_C7_M5C, 1113, 0, 2, 30, -5
L1_B16_S1_C7_M4C, 1114, 0, 2, 30, -4
L1_B16_S1_C7_M3C, 1115, 0, 2, 30, -3
L1_B16_S1_C7_M2C, 1116, 0, 2, 30, -2
L1_B16_S1_C7_M1C, 1117, 0, 2, 30, -1
L1_B16_S1_C7_M0, 1118, 0, 2, 30, 0
L1_B16_S1_A6_M1A, 1119, 0, 2, 30, 1
L1_B16_S1_A6_M2A, 1120, 0, 2, 30, 2
L1_B16_S1_A6_M3A, 1121, 0, 2, 30, 3
L1_B16_S1_A6_M4A, 1122, 0, 2, 30, 4
L1_B16_S1_A6_M5A, 1123, 0, 2, 30, 5
L1_B16_S1_A6_M6A, 1124, 0, 2, 30, 6
L1_B16_S2_C6_M6C, 1125, 0, 2, 31, -6
L1_B16_S2_C6_M5C, 1126, 0, 2, 31, -5
L1_B16_S2_C6_M4C, 1127, 0, 2, 31, -4
L1_B16_S2_C6_M3C, 1128, 0, 2, 31, -3
L1_B16_S2_C6_M2C, 1129, 0, 2, 31, -2
L1_B16_S2_C6_M1C, 1130, 0, 2, 31, -1
L1_B16_S2_A7_M0, 1131, 0, 2, 31, 0
L1_B16_S2_A7_M1A, 1132, 0, 2, 31, 1
L1_B16_S2_A7_M2A, 1133, 0, 2, 31, 2
L1_B16_S2_A7_M3A, 1134, 0, 2, 31, 3
L1_B16_S2_A7_M4A, 1135, 0, 2, 31, 4
L1_B16_S2_A7_M5A, 1136, 0, 2, 31, 5
L1_B16_S2_A7_M6A, 1137, 0, 2, 31, 6
L1_B17_S1_C7_M6C, 1138, 0, 2, 32, -6
L1_B17_S1_C7_M5C, 1139, 0, 2, 32, -5
L1_B17_S1_C7_M4C, 1140, 0, 2, 32, -4
L1_B17_S1_C7_M3C, 1141, 0, 2, 32, -3
L1_B17_S1_C7_M2C, 1142, 0, 2, 32, -2
L1_B17_S1_C7_M1C, 1143, 0, 2, 32, -1
L1_B17_S1_C7_M0, 1144, 0, 2, 32, 0
L1_B17_S1_A6_M1A, 1145, 0, 2, 32, 1
L1_B17_S1_A6_M2A, 1146, 0, 2, 32, 2
L1_B17_S1_A6_M3A, 1147, 0, 2, 32, 3
L1_B17_S1_A6_M4A, 1148, 0, 2, 32, 4
L1_B17_S1_A6_M5A, 1149, 0, 2, 32, 5
L1_B17_S1_A6_M6A, 1150, 0, 2, 32, 6
L1_B17_S2_C6_M6C, 1151, 0, 2, 33, -6
L1_B17_S2_C6_M5C, 1152, 0, 2, 33, -5
L1_B17_S2_C6_M4C, 1153, 0, 2, 33, -4
L1_B17_S2_C6_M3C, 1154, 0, 2, 33, -3
L1_B17_S2_C6_M2C, 1155, 0, 2, 33, -2
L1_B17_S2_C6_M1C, 1156, 0, 2, 33, -1
L1_B17_S2_A7_M0, 1157, 0, 2, 33, 0
L1_B17_S2_A7_M1A, 1158, 0, 2, 33, 1
L1_B17_S2_A7_M2A, 1159, 0, 2, 33, 2
L1_B17_S2_A7_M3A, 1160, 0, 2, 33, 3
L1_B17_S2_A7_M4A, 1161, 0, 2, 33, 4
L1_B17_S2_A7_M5A, 1162, 0, 2, 33, 5
L1_B17_S2_A7_M6A, 1163, 0, 2, 33, 6
L1_B18_S1_C7_M6C, 1164, 0, 2, 34, -6
L1_B18_S1_C7_M5C, 1165, 0, 2, 34, -5
L1_B18_S1_C7_M4C, 1166, 0, 2, 34, -4
L1_B18_S1_C7_M3C, 1167, 0, 2, 34, -3
L1_B18_S1_C7_M2C, 1168, 0, 2, 34, -2
L1_B18_S1_C7_M1C, 1169, 0, 2, 34, -1
L1_B18_S1_C7_M0, 1170, 0, 2, 34, 0
L1_B18_S1_A6_M1A, 1171, 0, 2, 34, 1
L1_B18_S1_A6_M2A, 1172, 0, 2, 34, 2
L1_B18_S1_A6_M3A, 1173, 0, 2, 34, 3
L1_B18_S1_A6_M4A, 1174, 0, 2, 34, 4
L1_B18_S1_A6_M5A, 1175, 0, 2, 34, 5
L1_B18_S1_A6_M6A, 1176, 0, 2, 34, 6
L1_B18_S2_C6_M6C, 1177, 0, 2, 35, -6
L1_B18_S2_C6_M5C, 1178, 0, 2, 35, -5
L1_B18_S2_C6_M4C, 1179, 0, 2, 35, -4
L1_B18_S2_C6_M3C, 1180, 0, 2, 35, -3
L1_B18_S2_C6_M2C, 1181, 0, 2, 35, -2
L1_B18_S2_C6_M1C, 1182, 0, 2, 35, -1
L1_B18_S2_A7_M0, 1183, 0, 2, 35, 0
L1_B18_S2_A7_M1A, 1184, 0, 2, 35, 1
L1_B18_S2_A7_M2A, 1185, 0, 2, 35, 2
L1_B18_S2_A7_M3A, 1186, 0, 2, 35, 3
L1_B18_S2_A7_M4A, 1187, 0, 2, 35, 4
L1_B18_S2_A7_M5A, 1188, 0, 2, 35, 5
L1_B18_S2_A7_M6A, 1189, 0, 2, 35, 6
L1_B19_S1_C7_M6C, 1190, 0, 2, 36, -6
L1_B19_S1_C7_M5C, 1191, 0, 2, 36, -5
L1_B19_S1_C7_M4C, 1192, 0, 2, 36, -4
L1_B19_S1_C7_M3C, 1193, 0, 2, 36, -3
L1_B19_S1_C7_M2C, 1194, 0, 2, 36, -2
L1_B19_S1_C7_M1C, 1195, 0, 2, 36, -1
L1_B19_S1_C7_M0, 1196, 0, 2, 36, 0
L1_B19_S1_A6_M1A, 1197, 0, 2, 36, 1
L1_B19_S1_A6_M2A, 1198, 0, 2, 36, 2
L1_B19_S1_A6_M3A, 1199, 0, 2, 36, 3
L1_B19_S1_A6_M4A, 1200, 0, 2, 36, 4
L1_B19_S1_A6_M5A, 1201, 0, 2, 36, 5
L1_B19_S1_A6_M6A, 1202, 0, 2, 36, 6
L1_B19_S2_C6_M6C, 1203, 0, 2, 37, -6
L1_B19_S2_C6_M5C, 1204, 0, 2, 37, -5
L1_B19_S2_C6_M4C, 1205, 0, 2, 37, -4
L1_B19_S2_C6_M3C, 1206, 0, 2, 37, -3
L1_B19_S2_C6_M2C, 1207, 0, 2, 37, -2
L1_B19_S2_C6_M1C, 1208, 0, 2, 37, -1
L1_B19_S2_A7_M0, 1209, 0, 2, 37, 0
L1_B19_S2_A7_M1A, 1210, 0, 2, 37, 1
L1_B19_S2_A7_M2A, 1211, 0, 2, 37, 2
L1_B19_S2_A7_M3A, 1212, 0, 2, 37, 3
L1_B19_S2_A7_M4A, 1213, 0, 2, 37, 4
L1_B19_S2_A7_M5A, 1214, 0, 2, 37, 5
L1_B19_S2_A7_M6A, 1215, 0, 2, 37, 6
L2_B01_S2_C6_M6C, 1216, 0, 3, 0, -6
L2_B01_S2_C6_M5C, 1217, 0, 3, 0, -5
L2_B01_S2_C6_M4C, 1218, 0, 3, 0, -4
L2_B01_S2_C6_M3C, 1219, 0, 3, 0, -3
L2_B01_S2_C6_M2C, 1220, 0, 3, 0, -2
L2_B01_S2_C6_M1C, 1221, 0, 3, 0, -1
L2_B01_S2_A7_M0, 1222, 0, 3, 0, 0
L2_B01_S2_A7_M1A, 1223, 0, 3, 0, 1
L2_B01_S2_A7_M2A, 1224, 0, 3, 0, 2
L2_B01_S2_A7_M3A, 1225, 0, 3, 0, 3
L2_B01_S2_A7_M4A, 1226, 0, 3, 0, 4
L2_B01_S2_A7_M5A, 1227, 0, 3, 0, 5
L2_B01_S2_A7_M6A, 1228, 0, 3, 0, 6
L2_B02_S1_C7_M6C, 1229, 0, 3, 1, -6
L2_B02_S1_C7_M5C, 1230, 0, 3, 1, -5
L2_B02_S1_C7_M4C, 1231, 0, 3, 1, -4
L2_B02_S1_C7_M3C, 1232, 0, 3, 1, -3
L2_B02_S1_C7_M2C, 1233, 0, 3, 1, -2
L2_B02_S1_C7_M1C, 1234, 0, 3, 1, -1
L2_B02_S1_C7_M0, 1235, 0, 3, 1, 0
L2_B02_S1_A6_M1A, 1236, 0, 3, 1, 1
L2_B02_S1_A6_M2A, 1237, 0, 3, 1, 2
L2_B02_S1_A6_M3A, 1238, 0, 3, 1, 3
L2_B02_S1_A6_M4A, 1239, 0, 3, 1, 4
L2_B02_S1_A6_M5A, 1240, 0, 3, 1, 5
L2_B02_S1_A6_M6A, 1241, 0, 3, 1, 6
L2_B02_S2_C6_M6C, 1242, 0, 3, 2, -6
L2_B02_S2_C6_M5C, 1243, 0, 3, 2, -5
L2_B02_S2_C6_M4C, 1244, 0, 3, 2, -4
L2_B02_S2_C6_M3C, 1245, 0, 3, 2, -3
L2_B02_S2_C6_M2C, 1246, 0, 3, 2, -2
L2_B02_S2_C6_M1C, 1247, 0, 3, 2, -1
L2_B02_S2_A7_M0, 1248, 0, 3, 2, 0
L2_B02_S2_A7_M1A, 1249, 0, 3, 2, 1
L2_B02_S2_A7_M2A, 1250, 0, 3, 2, 2
L2_B02_S2_A7_M3A, 1251, 0, 3, 2, 3
L2_B02_S2_A7_M4A, 1252, 0, 3, 2, 4
L2_B02_S2_A7_M5A, 1253, 0, 3, 2, 5
L2_B02_S2_A7_M6A, 1254, 0, 3, 2, 6
L2_B03_S1_C7_M6C, 1255, 0, 3, 3, -6
L2_B03_S1_C7_M5C, 1256, 0, 3, 3, -5
L2_B03_S1_C7_M4C, 1257, 0, 3, 3, -4
L2_B03_S1_C7_M3C, 1258, 0, 3, 3, -3
L2_B03_S1_C7_M2C, 1259, 0, 3, 3, -2
L2_B03_S1_C7_M1C, 1260, 0, 3, 3, -1
L2_B03_S1_C7_M0, 1261, 0, 3, 3, 0
L2_B03_S1_A6_M1A, 1262, 0, 3, 3, 1
L2_B03_S1_A6_M2A, 1263, 0, 3, 3, 2
L2_B03_S1_A6_M3A, 1264, 0, 3, 3, 3
L2_B03_S1_A6_M4A, 1265, 0, 3, 3, 4
L2_B03_S1_A6_M5A, 1266, 0, 3, 3, 5
L2_B03_S1_A6_M6A, 1267, 0, 3, 3, 6
L2_B03_S2_C6_M6C, 1268, 0, 3, 4, -6
L2_B03_S2_C6_M5C, 1269, 0, 3, 4, -5
L2_B03_S2_C6_M4C, 1270, 0, 3, 4, -4
L2_B03_S2_C6_M3C, 1271, 0, 3, 4, -3
L2_B03_S2_C6_M2C, 1272, 0, 3, 4, -2
L2_B03_S2_C6_M1C, 1273, 0, 3, 4, -1
L2_B03_S2_A7_M0, 1274, 0, 3, 4, 0
L2_B03_S2_A7_M1A, 1275, 0, 3, 4, 1
L2_B03_S2_A7_M2A, 1276, 0, 3, 4, 2
L2_B03_S2_A7_M3A, 1277, 0, 3, 4, 3
L2_B03_S2_A7_M4A, 1278, 0, 3, 4, 4
L2_B03_S2_A7_M5A, 1279, 0, 3, 4, 5
L2_B03_S2_A7_M6A, 1280, 0, 3, 4, 6
L2_B04_S1_C7_M6C, 1281, 0, 3, 5, -6
L2_B04_S1_C7_M5C, 1282, 0, 3, 5, -5
L2_B04_S1_C7_M4C, 1283, 0, 3, 5, -4
L2_B04_S1_C7_M3C, 1284, 0, 3, 5, -3
L2_B04_S1_C7_M2C, 1285, 0, 3, 5, -2
L2_B04_S1_C7_M1C, 1286, 0, 3, 5, -1
L2_B04_S1_C7_M0, 1287, 0, 3, 5, 0
L2_B04_S1_A6_M1A, 1288, 0, 3, 5, 1
L2_B04_S1_A6_M2A, 1289, 0, 3, 5, 2
L2_B04_S1_A6_M3A, 1290, 0, 3, 5, 3
L2_B04_S1_A6_M4A, 1291, 0, 3, 5, 4
L2_B04_S1_A6_M5A, 1292, 0, 3, 5, 5
L2_B04_S1_A6_M6A, 1293, 0, 3, 5, 6
L2_B04_S2_C6_M6C, 1294, 0, 3, 6, -6
L2_B04_S2_C6_M5C, 1295, 0, 3, 6, -5
L2_B04_S2_C6_M4C, 1296, 0, 3, 6, -4
L2_B04_S2_C6_M3C, 1297, 0, 3, 6, -3
L2_B04_S2_C6_M2C, 1298, 0, 3, 6, -2
L2_B04_S2_C6_M1C, 1299, 0, 3, 6, -1
L2_B04_S2_A7_M0, 1300, 0, 3, 6, 0
L2_B04_S2_A7_M1A, 1301, 0, 3, 6, 1
L2_B04_S2_A7_M2A, 1302, 0, 3, 6, 2
L2_B04_S2_A7_M3A, 1303, 0, 3, 6, 3
L2_B04_S2_A7_M4A, 1304, 0, 3, 6, 4
L2_B04_S2_A7_M5A, 1305, 0, 3, 6, 5
L2_B04_S2_A7_M6A, 1306, 0, 3, 6, 6
L2_B05_S1_C7_M6C, 1307, 0, 3, 7, -6
L2_B05_S1_C7_M5C, 1308, 0, 3, 7, -5
L2_B05_S1_C7_M4C, 1309, 0, 3, 7, -4
L2_B05_S1_C7_M3C, 1310, 0, 3, 7, -3
L2_B05_S1_C7_M2C, 1311, 0, 3, 7, -2
L2_B05_S1_C7_M1C, 1312, 0, 3, 7, -1
L2_B05_S1_C7_M0, 1313, 0, 3, 7, 0
L2_B05_S1_A6_M1A, 1314, 0, 3, 7, 1
L2_B05_S1_A6_M2A, 1315, 0, 3, 7, 2
L2_B05_S1_A6_M3A, 1316, 0, 3, 7, 3
L2_B05_S1_A6_M4A, 1317, 0, 3, 7, 4
L2_B05_S1_A6_M5A, 1318, 0, 3, 7, 5
L2_B05_S1_A6_M6A, 1319, 0, 3, 7, 6
L2_B05_S2_C6_M6C, 1320, 0, 3, 8, -6
L2_B05_S2_C6_M5C, 1321, 0, 3, 8, -5
L2_B05_S2_C6_M4C, 1322, 0, 3, 8, -4
L2_B05_S2_C6_M3C, 1323, 0, 3, 8, -3
L2_B05_S2_C6_M2C, 1324, 0, 3, 8, -2
L2_B05_S2_C6_M1C, 1325, 0, 3, 8, -1
L2_B05_S2_A7_M0, 1326, 0, 3, 8, 0
L2_B05_S2_A7_M1A, 1327, 0, 3, 8, 1
L2_B05_S2_A7_M2A, 1328, 0, 3, 8, 2
L2_B05_S2_A7_M3A, 1329, 0, 3, 8, 3
L2_B05_S2_A7_M4A, 1330, 0, 3, 8, 4
L2_B05_S2_A7_M5A, 1331, 0, 3, 8, 5
L2_B05_S2_A7_M6A, 1332, 0, 3, 8, 6
L2_B06_S1_C7_M6C, 1333, 0, 3, 9, -6
L2_B06_S1_C7_M5C, 1334, 0, 3, 9, -5
L2_B06_S1_C7_M4C, 1335, 0, 3, 9, -4
L2_B06_S1_C7_M3C, 1336, 0, 3, 9, -3
L2_B06_S1_C7_M2C, 1337, 0, 3, 9, -2
L2_B06_S1_C7_M1C, 1338, 0, 3, 9, -1
L2_B06_S1_C7_M0, 1339, 0, 3, 9, 0
L2_B06_S1_A6_M1A, 1340, 0, 3, 9, 1
L2_B06_S1_A6_M2A, 1341, 0, 3, 9, 2
L2_B06_S1_A6_M3A, 1342, 0, 3, 9, 3
L2_B06_S1_A6_M4A, 1343, 0, 3, 9, 4
L2_B06_S1_A6_M5A, 1344, 0, 3, 9, 5
L2_B06_S1_A6_M6A, 1345, 0, 3, 9, 6
L2_B06_S2_C6_M6C, 1346, 0, 3, 10, -6
L2_B06_S2_C6_M5C, 1347, 0, 3, 10, -5
L2_B06_S2_C6_M4C, 1348, 0, 3, 10, -4
L2_B06_S2_C6_M3C, 1349, 0, 3, 10, -3
L2_B06_S2_C6_M2C, 1350, 0, 3, 10, -2
L2_B06_S2_C6_M1C, 1351, 0, 3, 10, -1
L2_B06_S2_A7_M0, 1352, 0, 3, 10, 0
L2_B06_S2_A7_M1A, 1353, 0, 3, 10, 1
L2_B06_S2_A7_M2A, 1354, 0, 3, 10, 2
L2_B06_S2_A7_M3A, 1355, 0, 3, 10, 3
L2_B06_S2_A7_M4A, 1356, 0, 3, 10, 4
L2_B06_S2_A7_M5A, 1357, 0, 3, 10, 5
L2_B06_S2_A7_M6A, 1358, 0, 3, 10, 6
L2_B07_S1_C7_M6C, 1359, 0, 3, 11, -6
L2_B07_S1_C7_M5C, 1360, 0, 3, 11, -5
L2_B07_S1_C7_M4C, 1361, 0, 3, 11, -4
L2_B07_S1_C7_M3C, 1362, 0, 3, 11, -3
L2_B07_S1_C7_M2C, 1363, 0, 3, 11, -2
L2_B07_S1_C7_M1C, 1364, 0, 3, 11, -1
L2_B07_S1_C7_M0, 1365, 0, 3, 11, 0
L2_B07_S1_A6_M1A, 1366, 0, 3, 11, 1
L2_B07_S1_A6_M2A, 1367, 0, 3, 11, 2
L2_B07_S1_A6_M3A, 1368, 0, 3, 11, 3
L2_B07_S1_A6_M4A, 1369, 0, 3, 11, 4
L2_B07_S1_A6_M5A, 1370, 0, 3, 11, 5
L2_B07_S1_A6_M6A, 1371, 0, 3, 11, 6
L2_B07_S2_C6_M6C, 1372, 0, 3, 12, -6
L2_B07_S2_C6_M5C, 1373, 0, 3, 12, -5
L2_B07_S2_C6_M4C, 1374, 0, 3, 12, -4
L2_B07_S2_C6_M3C, 1375, 0, 3, 12, -3
L2_B07_S2_C6_M2C, 1376, 0, 3, 12, -2
L2_B07_S2_C6_M1C, 1377, 0, 3, 12, -1
L2_B07_S2_A7_M0, 1378, 0, 3, 12, 0
L2_B07_S2_A7_M1A, 1379, 0, 3, 12, 1
L2_B07_S2_A7_M2A, 1380, 0, 3, 12, 2
L2_B07_S2_A7_M3A, 1381, 0, 3, 12, 3
L2_B07_S2_A7_M4A, 1382, 0, 3, 12, 4
L2_B07_S2_A7_M5A, 1383, 0, 3, 12, 5
L2_B07_S2_A7_M6A, 1384, 0, 3, 12, 6
L2_B08_S1_C7_M6C, 1385, 0, 3, 13, -6
L2_B08_S1_C7_M5C, 1386, 0, 3, 13, -5
L2_B08_S1_C7_M4C, 1387, 0, 3, 13, -4
L2_B08_S1_C7_M3C, 1388, 0, 3, 13, -3
L2_B08_S1_C7_M2C, 1389, 0, 3, 13, -2
L2_B08_S1_C7_M1C, 1390, 0, 3, 13, -1
L2_B08_S1_C7_M0, 1391, 0, 3, 13, 0
L2_B08_S1_A6_M1A, 1392, 0, 3, 13, 1
L2_B08_S1_A6_M2A, 1393, 0, 3, 13, 2
L2_B08_S1_A6_M3A, 1394, 0, 3, 13, 3
L2_B08_S1_A6_M4A, 1395, 0, 3, 13, 4
L2_B08_S1_A6_M5A, 1396, 0, 3, 13, 5
L2_B08_S1_A6_M6A, 1397, 0, 3, 13, 6
L2_B08_S2_C6_M6C, 1398, 0, 3, 14, -6
L2_B08_S2_C6_M5C, 1399, 0, 3, 14, -5
L2_B08_S2_C6_M4C, 1400, 0, 3, 14, -4
L2_B08_S2_C6_M3C, 1401, 0, 3, 14, -3
L2_B08_S2_C6_M2C, 1402, 0, 3, 14, -2
L2_B08_S2_C6_M1C, 1403, 0, 3, 14, -1
L2_B08_S2_A7_M0, 1404, 0, 3, 14, 0
L2_B08_S2_A7_M1A, 1405, 0, 3, 14, 1
L2_B08_S2_A7_M2A, 1406, 0, 3, 14, 2
L2_B08_S2_A7_M3A, 1407, 0, 3, 14, 3
L2_B08_S2_A7_M4A, 1408, 0, 3, 14, 4
L2_B08_S2_A7_M5A, 1409, 0, 3, 14, 5
L2_B08_S2_A7_M6A, 1410, 0, 3, 14, 6
L2_B09_S1_C7_M6C, 1411, 0, 3, 15, -6
L2_B09_S1_C7_M5C, 1412, 0, 3, 15, -5
L2_B09_S1_C7_M4C, 1413, 0, 3, 15, -4
L2_B09_S1_C7_M3C, 1414, 0, 3, 15, -3
L2_B09_S1_C7_M2C, 1415, 0, 3, 15, -2
L2_B09_S1_C7_M1C, 1416, 0, 3, 15, -1
L2_B09_S1_C7_M0, 1417, 0, 3, 15, 0
L2_B09_S1_A6_M1A, 1418, 0, 3, 15, 1
L2_B09_S1_A6_M2A, 1419, 0, 3, 15, 2
L2_B09_S1_A6_M3A, 1420, 0, 3, 15, 3
L2_B09_S1_A6_M4A, 1421, 0, 3, 15, 4
L2_B09_S1_A6_M5A, 1422, 0, 3, 15, 5
L2_B09_S1_A6_M6A, 1423, 0, 3, 15, 6
L2_B09_S2_C6_M6C, 1424, 0, 3, 16, -6
L2_B09_S2_C6_M5C, 1425, 0, 3, 16, -5
L2_B09_S2_C6_M4C, 1426, 0, 3, 16, -4
L2_B09_S2_C6_M3C, 1427, 0, 3, 16, -3
L2_B09_S2_C6_M2C, 1428, 0, 3, 16, -2
L2_B09_S2_C6_M1C, 1429, 0, 3, 16, -1
L2_B09_S2_A7_M0, 1430, 0, 3, 16, 0
L2_B09_S2_A7_M1A, 1431, 0, 3, 16, 1
L2_B09_S2_A7_M2A, 1432, 0, 3, 16, 2
L2_B09_S2_A7_M3A, 1433, 0, 3, 16, 3
L2_B09_S2_A7_M4A, 1434, 0, 3, 16, 4
L2_B09_S2_A7_M5A, 1435, 0, 3, 16, 5
L2_B09_S2_A7_M6A, 1436, 0, 3, 16, 6
L2_B10_S1_C7_M6C, 1437, 0, 3, 17, -6
L2_B10_S1_C7_M5C, 1438, 0, 3, 17, -5
L2_B10_S1_C7_M4C, 1439, 0, 3, 17, -4
L2_B10_S1_C7_M3C, 1440, 0, 3, 17, -3
L2_B10_S1_C7_M2C, 1441, 0, 3, 17, -2
L2_B10_S1_C7_M1C, 1442, 0, 3, 17, -1
L2_B10_S1_C7_M0, 1443, 0, 3, 17, 0
L2_B10_S1_A6_M1A, 1444, 0, 3, 17, 1
L2_B10_S1_A6_M2A, 1445, 0, 3, 17, 2
L2_B10_S1_A6_M3A, 1446, 0, 3, 17, 3
L2_B10_S1_A6_M4A, 1447, 0, 3, 17, 4
L2_B10_S1_A6_M5A, 1448, 0, 3, 17, 5
L2_B10_S1_A6_M6A, 1449, 0, 3, 17, 6
L2_B10_S2_C6_M6C, 1450, 0, 3, 18, -6
L2_B10_S2_C6_M5C, 1451, 0, 3, 18, -5
L2_B10_S2_C6_M4C, 1452, 0, 3, 18, -4
L2_B10_S2_C6_M3C, 1453, 0, 3, 18, -3
L2_B10_S2_C6_M2C, 1454, 0, 3, 18, -2
L2_B10_S2_C6_M1C, 1455, 0, 3, 18, -1
L2_B10_S2_A7_M0, 1456, 0, 3, 18, 0
L2_B10_S2_A7_M1A, 1457, 0, 3, 18, 1
L2_B10_S2_A7_M2A, 1458, 0, 3, 18, 2
L2_B10_S2_A7_M3A, 1459, 0, 3, 18, 3
L2_B10_S2_A7_M4A, 1460, 0, 3, 18, 4
L2_B10_S2_A7_M5A, 1461, 0, 3, 18, 5
L2_B10_S2_A7_M6A, 1462, 0, 3, 18, 6
L2_B11_S1_C7_M6C, 1463, 0, 3, 19, -6
L2_B11_S1_C7_M5C, 1464, 0, 3, 19, -5
L2_B11_S1_C7_M4C, 1465, 0, 3, 19, -4
L2_B11_S1_C7_M3C, 1466, 0, 3, 19, -3
L2_B11_S1_C7_M2C, 1467, 0, 3, 19, -2
L2_B11_S1_C7_M1C, 1468, 0, 3, 19, -1
L2_B11_S1_C7_M0, 1469, 0, 3, 19, 0
L2_B11_S1_A6_M1A, 1470, 0, 3, 19, 1
L2_B11_S1_A6_M2A, 1471, 0, 3, 19, 2
L2_B11_S1_A6_M3A, 1472, 0, 3, 19, 3
L2_B11_S1_A6_M4A, 1473, 0, 3, 19, 4
L2_B11_S1_A6_M5A, 1474, 0, 3, 19, 5
L2_B11_S1_A6_M6A, 1475, 0, 3, 19, 6
L2_B11_S2_C6_M6C, 1476, 0, 3, 20, -6
L2_B11_S2_C6_M5C, 1477, 0, 3, 20, -5
L2_B11_S2_C6_M4C, 1478, 0, 3, 20, -4
L2_B11_S2_C6_M3C, 1479, 0, 3, 20, -3
L2_B11_S2_C6_M2C, 1480, 0, 3, 20, -2
L2_B11_S2_C6_M1C, 1481, 0, 3, 20, -1
L2_B11_S2_A7_M0, 1482, 0, 3, 20, 0
L2_B11_S2_A7_M1A, 1483, 0, 3, 20, 1
L2_B11_S2_A7_M2A, 1484, 0, 3, 20, 2
L2_B11_S2_A7_M3A, 1485, 0, 3, 20, 3
L2_B11_S2_A7_M4A, 1486, 0, 3, 20, 4
L2_B11_S2_A7_M5A, 1487, 0, 3, 20, 5
L2_B11_S2_A7_M6A, 1488, 0, 3, 20, 6
L2_B12_S1_C7_M6C, 1489, 0, 3, 21, -6
L2_B12_S1_C7_M5C, 1490, 0, 3, 21, -5
L2_B12_S1_C7_M4C, 1491, 0, 3, 21, -4
L2_B12_S1_C7_M3C, 1492, 0, 3, 21, -3
L2_B12_S1_C7_M2C, 1493, 0, 3, 21, -2
L2_B12_S1_C7_M1C, 1494, 0, 3, 21, -1
L2_B12_S1_C7_M0, 1495, 0, 3, 21, 0
L2_B12_S1_A6_M1A, 1496, 0, 3, 21, 1
L2_B12_S1_A6_M2A, 1497, 0, 3, 21, 2
L2_B12_S1_A6_M3A, 1498, 0, 3, 21, 3
L2_B12_S1_A6_M4A, 1499, 0, 3, 21, 4
L2_B12_S1_A6_M5A, 1500, 0, 3, 21, 5
L2_B12_S1_A6_M6A, 1501, 0, 3, 21, 6
L2_B12_S2_C6_M6C, 1502, 0, 3, 22, -6
L2_B12_S2_C6_M5C, 1503, 0, 3, 22, -5
L2_B12_S2_C6_M4C, 1504, 0, 3, 22, -4
L2_B12_S2_C6_M3C, 1505, 0, 3, 22, -3
L2_B12_S2_C6_M2C, 1506, 0, 3, 22, -2
L2_B12_S2_C6_M1C, 1507, 0, 3, 22, -1
L2_B12_S2_A7_M0, 1508, 0, 3, 22, 0
L2_B12_S2_A7_M1A, 1509, 0, 3, 22, 1
L2_B12_S2_A7_M2A, 1510, 0, 3, 22, 2
L2_B12_S2_A7_M3A, 1511, 0, 3, 22, 3
L2_B12_S2_A7_M4A, 1512, 0, 3, 22, 4
L2_B12_S2_A7_M5A, 1513, 0, 3, 22, 5
L2_B12_S2_A7_M6A, 1514, 0, 3, 22, 6
L2_B13_S1_C7_M6C, 1515, 0, 3, 23, -6
L2_B13_S1_C7_M5C, 1516, 0, 3, 23, -5
L2_B13_S1_C7_M4C, 1517, 0, 3, 23, -4
L2_B13_S1_C7_M3C, 1518, 0, 3, 23, -3
L2_B13_S1_C7_M2C, 1519, 0, 3, 23, -2
L2_B13_S1_C7_M1C, 1520, 0, 3, 23, -1
L2_B13_S1_C7_M0, 1521, 0, 3, 23, 0
L2_B13_S1_A6_M1A, 1522, 0, 3, 23, 1
L2_B13_S1_A6_M2A, 1523, 0, 3, 23, 2
L2_B13_S1_A6_M3A, 1524, 0, 3, 23, 3
L2_B13_S1_A6_M4A, 1525, 0, 3, 23, 4
L2_B13_S1_A6_M5A, 1526, 0, 3, 23, 5
L2_B13_S1_A6_M6A, 1527, 0, 3, 23, 6
L2_B13_S2_C6_M6C, 1528, 0, 3, 24, -6
L2_B13_S2_C6_M5C, 1529, 0, 3, 24, -5
L2_B13_S2_C6_M4C, 1530, 0, 3, 24, -4
L2_B13_S2_C6_M3C, 1531, 0, 3, 24, -3
L2_B13_S2_C6_M2C, 1532, 0, 3, 24, -2
L2_B13_S2_C6_M1C, 1533, 0, 3, 24, -1
L2_B13_S2_A7_M0, 1534, 0, 3, 24, 0
L2_B13_S2_A7_M1A, 1535, 0, 3, 24, 1
L2_B13_S2_A7_M2A, 1536, 0, 3, 24, 2
L2_B13_S2_A7_M3A, 1537, 0, 3, 24, 3
L2_B13_S2_A7_M4A, 1538, 0, 3, 24, 4
L2_B13_S2_A7_M5A, 1539, 0, 3, 24, 5
L2_B13_S2_A7_M6A, 1540, 0, 3, 24, 6
L2_B14_S1_C7_M6C, 1541, 0, 3, 25, -6
L2_B14_S1_C7_M5C, 1542, 0, 3, 25, -5
L2_B14_S1_C7_M4C, 1543, 0, 3, 25, -4
L2_B14_S1_C7_M3C, 1544, 0, 3, 25, -3
L2_B14_S1_C7_M2C, 1545, 0, 3, 25, -2
L2_B14_S1_C7_M1C, 1546, 0, 3, 25, -1
L2_B14_S1_C7_M0, 1547, 0, 3, 25, 0
L2_B14_S1_A6_M1A, 1548, 0, 3, 25, 1
L2_B14_S1_A6_M2A, 1549, 0, 3, 25, 2
L2_B14_S1_A6_M3A, 1550, 0, 3, 25, 3
L2_B14_S1_A6_M4A, 1551, 0, 3, 25, 4
L2_B14_S1_A6_M5A, 1552, 0, 3, 25, 5
L2_B14_S1_A6_M6A, 1553, 0, 3, 25, 6
L2_B14_S2_C6_M6C, 1554, 0, 3, 26, -6
L2_B14_S2_C6_M5C, 1555, 0, 3, 26, -5
L2_B14_S2_C6_M4C, 1556, 0, 3, 26, -4
L2_B14_S2_C6_M3C, 1557, 0, 3, 26, -3
L2_B14_S2_C6_M2C, 1558, 0, 3, 26, -2
L2_B14_S2_C6_M1C, 1559, 0, 3, 26, -1
L2_B14_S2_A7_M0, 1560, 0, 3, 26, 0
L2_B14_S2_A7_M1A, 1561, 0, 3, 26, 1
L2_B14_S2_A7_M2A, 1562, 0, 3, 26, 2
L2_B14_S2_A7_M3A, 1563, 0, 3, 26, 3
L2_B14_S2_A7_M4A, 1564, 0, 3, 26, 4
L2_B14_S2_A7_M5A, 1565, 0, 3, 26, 5
L2_B14_S2_A7_M6A, 1566, 0, 3, 26, 6
L2_B15_S1_C7_M6C, 1567, 0, 3, 27, -6
L2_B15_S1_C7_M5C, 1568, 0, 3, 27, -5
L2_B15_S1_C7_M4C, 1569, 0, 3, 27, -4
L2_B15_S1_C7_M3C, 1570, 0, 3, 27, -3
L2_B15_S1_C7_M2C, 1571, 0, 3, 27, -2
L2_B15_S1_C7_M1C, 1572, 0, 3, 27, -1
L2_B15_S1_C7_M0, 1573, 0, 3, 27, 0
L2_B15_S1_A6_M1A, 1574, 0, 3, 27, 1
L2_B15_S1_A6_M2A, 1575, 0, 3, 27, 2
L2_B15_S1_A6_M3A, 1576, 0, 3, 27, 3
L2_B15_S1_A6_M4A, 1577, 0, 3, 27, 4
L2_B15_S1_A6_M5A, 1578, 0, 3, 27, 5
L2_B15_S1_A6_M6A, 1579, 0, 3, 27, 6
L2_B15_S2_C6_M6C, 1580, 0, 3, 28, -6
L2_B15_S2_C6_M5C, 1581, 0, 3, 28, -5
L2_B15_S2_C6_M4C, 1582, 0, 3, 28, -4
L2_B15_S2_C6_M3C, 1583, 0, 3, 28, -3
L2_B15_S2_C6_M2C, 1584, 0, 3, 28, -2
L2_B15_S2_C6_M1C, 1585, 0, 3, 28, -1
L2_B15_S2_A7_M0, 1586, 0, 3, 28, 0
L2_B15_S2_A7_M1A, 1587, 0, 3, 28, 1
L2_B15_S2_A7_M2A, 1588, 0, 3, 28, 2
L2_B15_S2_A7_M3A, 1589, 0, 3, 28, 3
L2_B15_S2_A7_M4A, 1590, 0, 3, 28, 4
L2_B15_S2_A7_M5A, 1591, 0, 3, 28, 5
L2_B15_S2_A7_M6A, 1592, 0, 3, 28, 6
L2_B16_S1_C7_M6C, 1593, 0, 3, 29, -6
L2_B16_S1_C7_M5C, 1594, 0, 3, 29, -5
L2_B16_S1_C7_M4C, 1595, 0, 3, 29, -4
L2_B16_S1_C7_M3C, 1596, 0, 3, 29, -3
L2_B16_S1_C7_M2C, 1597, 0, 3, 29, -2
L2_B16_S1_C7_M1C, 1598, 0, 3, 29, -1
L2_B16_S1_C7_M0, 1599, 0, 3, 29, 0
L2_B16_S1_A6_M1A, 1600, 0, 3, 29, 1
L2_B16_S1_A6_M2A, 1601, 0, 3, 29, 2
L2_B16_S1_A6_M3A, 1602, 0, 3, 29, 3
L2_B16_S1_A6_M4A, 1603, 0, 3, 29, 4
L2_B16_S1_A6_M5A, 1604, 0, 3, 29, 5
L2_B16_S1_A6_M6A, 1605, 0, 3, 29, 6
L2_B16_S2_C6_M6C, 1606, 0, 3, 30, -6
L2_B16_S2_C6_M5C, 1607, 0, 3, 30, -5
L2_B16_S2_C6_M4C, 1608, 0, 3, 30, -4
L2_B16_S2_C6_M3C, 1609, 0, 3, 30, -3
L2_B16_S2_C6_M2C, 1610, 0, 3, 30, -2
L2_B16_S2_C6_M1C, 1611, 0, 3, 30, -1
L2_B16_S2_A7_M0, 1612, 0, 3, 30, 0
L2_B16_S2_A7_M1A, 1613, 0, 3, 30, 1
L2_B16_S2_A7_M2A, 1614, 0, 3, 30, 2
L2_B16_S2_A7_M3A, 1615, 0, 3, 30, 3
L2_B16_S2_A7_M4A, 1616, 0, 3, 30, 4
L2_B16_S2_A7_M5A, 1617, 0, 3, 30, 5
L2_B16_S2_A7_M6A, 1618, 0, 3, 30, 6
L2_B17_S1_C7_M6C, 1619, 0, 3, 31, -6
L2_B17_S1_C7_M5C, 1620, 0, 3, 31, -5
L2_B17_S1_C7_M4C, 1621, 0, 3, 31, -4
L2_B17_S1_C7_M3C, 1622, 0, 3, 31, -3
L2_B17_S1_C7_M2C, 1623, 0, 3, 31, -2
L2_B17_S1_C7_M1C, 1624, 0, 3, 31, -1
L2_B17_S1_C7_M0, 1625, 0, 3, 31, 0
L2_B17_S1_A6_M1A, 1626, 0, 3, 31, 1
L2_B17_S1_A6_M2A, 1627, 0, 3, 31, 2
L2_B17_S1_A6_M3A, 1628, 0, 3, 31, 3
L2_B17_S1_A6_M4A, 1629, 0, 3, 31, 4
L2_B17_S1_A6_M5A, 1630, 0, 3, 31, 5
L2_B17_S1_A6_M6A, 1631, 0, 3, 31, 6
L2_B17_S2_C6_M6C, 1632, 0, 3, 32, -6
L2_B17_S2_C6_M5C, 1633, 0, 3, 32, -5
L2_B17_S2_C6_M4C, 1634, 0, 3, 32, -4
L2_B17_S2_C6_M3C, 1635, 0, 3, 32, -3
L2_B17_S2_C6_M2C, 1636, 0, 3, 32, -2
L2_B17_S2_C6_M1C, 1637, 0, 3, 32, -1
L2_B17_S2_A7_M0, 1638, 0, 3, 32, 0
L2_B17_S2_A7_M1A, 1639, 0, 3, 32, 1
L2_B17_S2_A7_M2A, 1640, 0, 3, 32, 2
L2_B17_S2_A7_M3A, 1641, 0, 3, 32, 3
L2_B17_S2_A7_M4A, 1642, 0, 3, 32, 4
L2_B17_S2_A7_M5A, 1643, 0, 3, 32, 5
L2_B17_S2_A7_M6A, 1644, 0, 3, 32, 6
L2_B18_S1_C7_M6C, 1645, 0, 3, 33, -6
L2_B18_S1_C7_M5C, 1646, 0, 3, 33, -5
L2_B18_S1_C7_M4C, 1647, 0, 3, 33, -4
L2_B18_S1_C7_M3C, 1648, 0, 3, 33, -3
L2_B18_S1_C7_M2C, 1649, 0, 3, 33, -2
L2_B18_S1_C7_M1C, 1650, 0, 3, 33, -1
L2_B18_S1_C7_M0, 1651, 0, 3, 33, 0
L2_B18_S1_A6_M1A, 1652, 0, 3, 33, 1
L2_B18_S1_A6_M2A, 1653, 0, 3, 33, 2
L2_B18_S1_A6_M3A, 1654, 0, 3, 33, 3
L2_B18_S1_A6_M4A, 1655, 0, 3, 33, 4
L2_B18_S1_A6_M5A, 1656, 0, 3, 33, 5
L2_B18_S1_A6_M6A, 1657, 0, 3, 33, 6
L2_B18_S2_C6_M6C, 1658, 0, 3, 34, -6
L2_B18_S2_C6_M5C, 1659, 0, 3, 34, -5
L2_B18_S2_C6_M4C, 1660, 0, 3, 34, -4
L2_B18_S2_C6_M3C, 1661, 0, 3, 34, -3
L2_B18_S2_C6_M2C, 1662, 0, 3, 34, -2
L2_B18_S2_C6_M1C, 1663, 0, 3, 34, -1
L2_B18_S2_A7_M0, 1664, 0, 3, 34, 0
L2_B18_S2_A7_M1A, 1665, 0, 3, 34, 1
L2_B18_S2_A7_M2A, 1666, 0, 3, 34, 2
L2_B18_S2_A7_M3A, 1667, 0, 3, 34, 3
L2_B18_S2_A7_M4A, 1668, 0, 3, 34, 4
L2_B18_S2_A7_M5A, 1669, 0, 3, 34, 5
L2_B18_S2_A7_M6A, 1670, 0, 3, 34, 6
L2_B19_S1_C7_M6C, 1671, 0, 3, 35, -6
L2_B19_S1_C7_M5C, 1672, 0, 3, 35, -5
L2_B19_S1_C7_M4C, 1673, 0, 3, 35, -4
L2_B19_S1_C7_M3C, 1674, 0, 3, 35, -3
L2_B19_S1_C7_M2C, 1675, 0, 3, 35, -2
L2_B19_S1_C7_M1C, 1676, 0, 3, 35, -1
L2_B19_S1_C7_M0, 1677, 0, 3, 35, 0
L2_B19_S1_A6_M1A, 1678, 0, 3, 35, 1
L2_B19_S1_A6_M2A, 1679, 0, 3, 35, 2
L2_B19_S1_A6_M3A, 1680, 0, 3, 35, 3
L2_B19_S1_A6_M4A, 1681, 0, 3, 35, 4
L2_B19_S1_A6_M5A, 1682, 0, 3, 35, 5
L2_B19_S1_A6_M6A, 1683, 0, 3, 35, 6
L2_B19_S2_C6_M6C, 1684, 0, 3, 36, -6
L2_B19_S2_C6_M5C, 1685, 0, 3, 36, -5
L2_B19_S2_C6_M4C, 1686, 0, 3, 36, -4
L2_B19_S2_C6_M3C, 1687, 0, 3, 36, -3
L2_B19_S2_C6_M2C, 1688, 0, 3, 36, -2
L2_B19_S2_C6_M1C, 1689, 0, 3, 36, -1
L2_B19_S2_A7_M0, 1690, 0, 3, 36, 0
L2_B19_S2_A7_M1A, 1691, 0, 3, 36, 1
L2_B19_S2_A7_M2A, 1692, 0, 3, 36, 2
L2_B19_S2_A7_M3A, 1693, 0, 3, 36, 3
L2_B19_S2_A7_M4A, 1694, 0, 3, 36, 4
L2_B19_S2_A7_M5A, 1695, 0, 3, 36, 5
L2_B19_S2_A7_M6A, 1696, 0, 3, 36, 6
L2_B20_S1_C7_M6C, 1697, 0, 3, 37, -6
L2_B20_S1_C7_M5C, 1698, 0, 3, 37, -5
L2_B20_S1_C7_M4C, 1699, 0, 3, 37, -4
L2_B20_S1_C7_M3C, 1700, 0, 3, 37, -3
L2_B20_S1_C7_M2C, 1701, 0, 3, 37, -2
L2_B20_S1_C7_M1C, 1702, 0, 3, 37, -1
L2_B20_S1_C7_M0, 1703, 0, 3, 37, 0
L2_B20_S1_A6_M1A, 1704, 0, 3, 37, 1
L2_B20_S1_A6_M2A, 1705, 0, 3, 37, 2
L2_B20_S1_A6_M3A, 1706, 0, 3, 37, 3
L2_B20_S1_A6_M4A, 1707, 0, 3, 37, 4
L2_B20_S1_A6_M5A, 1708, 0, 3, 37, 5
L2_B20_S1_A6_M6A, 1709, 0, 3, 37, 6
L2_B20_S2_C6_M6C, 1710, 0, 3, 38, -6
L2_B20_S2_C6_M5C, 1711, 0, 3, 38, -5
L2_B20_S2_C6_M4C, 1712, 0, 3, 38, -4
L2_B20_S2_C6_M3C, 1713, 0, 3, 38, -3
L2_B20_S2_C6_M2C, 1714, 0, 3, 38, -2
L2_B20_S2_C6_M1C, 1715, 0, 3, 38, -1
L2_B20_S2_A7_M0, 1716, 0, 3, 38, 0
L2_B20_S2_A7_M1A, 1717, 0, 3, 38, 1
L2_B20_S2_A7_M2A, 1718, 0, 3, 38, 2
L2_B20_S2_A7_M3A, 1719, 0, 3, 38, 3
L2_B20_S2_A7_M4A, 1720, 0, 3, 38, 4
L2_B20_S2_A7_M5A, 1721, 0, 3, 38, 5
L2_B20_S2_A7_M6A, 1722, 0, 3, 38, 6
L2_B21_S1_C7_M6C, 1723, 0, 3, 39, -6
L2_B21_S1_C7_M5C, 1724, 0, 3, 39, -5
L2_B21_S1_C7_M4C, 1725, 0, 3, 39, -4
L2_B21_S1_C7_M3C, 1726, 0, 3, 39, -3
L2_B21_S1_C7_M2C, 1727, 0, 3, 39, -2
L2_B21_S1_C7_M1C, 1728, 0, 3, 39, -1
L2_B21_S1_C7_M0, 1729, 0, 3, 39, 0
L2_B21_S1_A6_M1A, 1730, 0, 3, 39, 1
L2_B21_S1_A6_M2A, 1731, 0, 3, 39, 2
L2_B21_S1_A6_M3A, 1732, 0, 3, 39, 3
L2_B21_S1_A6_M4A, 1733, 0, 3, 39, 4
L2_B21_S1_A6_M5A, 1734, 0, 3, 39, 5
L2_B21_S1_A6_M6A, 1735, 0, 3, 39, 6
L2_B21_S2_C6_M6C, 1736, 0, 3, 40, -6
L2_B21_S2_C6_M5C, 1737, 0, 3, 40, -5
L2_B21_S2_C6_M4C, 1738, 0, 3, 40, -4
L2_B21_S2_C6_M3C, 1739, 0, 3, 40, -3
L2_B21_S2_C6_M2C, 1740, 0, 3, 40, -2
L2_B21_S2_C6_M1C, 1741, 0, 3, 40, -1
L2_B21_S2_A7_M0, 1742, 0, 3, 40, 0
L2_B21_S2_A7_M1A, 1743, 0, 3, 40, 1
L2_B21_S2_A7_M2A, 1744, 0, 3, 40, 2
L2_B21_S2_A7_M3A, 1745, 0, 3, 40, 3
L2_B21_S2_A7_M4A, 1746, 0, 3, 40, 4
L2_B21_S2_A7_M5A, 1747, 0, 3, 40, 5
L2_B21_S2_A7_M6A, 1748, 0, 3, 40, 6
L2_B22_S1_C7_M6C, 1749, 0, 3, 41, -6
L2_B22_S1_C7_M5C, 1750, 0, 3, 41, -5
L2_B22_S1_C7_M4C, 1751, 0, 3, 41, -4
L2_B22_S1_C7_M3C, 1752, 0, 3, 41, -3
L2_B22_S1_C7_M2C, 1753, 0, 3, 41, -2
L2_B22_S1_C7_M1C, 1754, 0, 3, 41, -1
L2_B22_S1_C7_M0, 1755, 0, 3, 41, 0
L2_B22_S1_A6_M1A, 1756, 0, 3, 41, 1
L2_B22_S1_A6_M2A, 1757, 0, 3, 41, 2
L2_B22_S1_A6_M3A, 1758, 0, 3, 41, 3
L2_B22_S1_A6_M4A, 1759, 0, 3, 41, 4
L2_B22_S1_A6_M5A, 1760, 0, 3, 41, 5
L2_B22_S1_A6_M6A, 1761, 0, 3, 41, 6
L2_B22_S2_C6_M6C, 1762, 0, 3, 42, -6
L2_B22_S2_C6_M5C, 1763, 0, 3, 42, -5
L2_B22_S2_C6_M4C, 1764, 0, 3, 42, -4
L2_B22_S2_C6_M3C, 1765, 0, 3, 42, -3
L2_B22_S2_C6_M2C, 1766, 0, 3, 42, -2
L2_B22_S2_C6_M1C, 1767, 0, 3, 42, -1
L2_B22_S2_A7_M0, 1768, 0, 3, 42, 0
L2_B22_S2_A7_M1A, 1769, 0, 3, 42, 1
L2_B22_S2_A7_M2A, 1770, 0, 3, 42, 2
L2_B22_S2_A7_M3A, 1771, 0, 3, 42, 3
L2_B22_S2_A7_M4A, 1772, 0, 3, 42, 4
L2_B22_S2_A7_M5A, 1773, 0, 3, 42, 5
L2_B22_S2_A7_M6A, 1774, 0, 3, 42, 6
L2_B23_S1_C7_M6C, 1775, 0, 3, 43, -6
L2_B23_S1_C7_M5C, 1776, 0, 3, 43, -5
L2_B23_S1_C7_M4C, 1777, 0, 3, 43, -4
L2_B23_S1_C7_M3C, 1778, 0, 3, 43, -3
L2_B23_S1_C7_M2C, 1779, 0, 3, 43, -2
L2_B23_S1_C7_M1C, 1780, 0, 3, 43, -1
L2_B23_S1_C7_M0, 1781, 0, 3, 43, 0
L2_B23_S1_A6_M1A, 1782, 0, 3, 43, 1
L2_B23_S1_A6_M2A, 1783, 0, 3, 43, 2
L2_B23_S1_A6_M3A, 1784, 0, 3, 43, 3
L2_B23_S1_A6_M4A, 1785, 0, 3, 43, 4
L2_B23_S1_A6_M5A, 1786, 0, 3, 43, 5
L2_B23_S1_A6_M6A, 1787, 0, 3, 43, 6
L2_B23_S2_C6_M6C, 1788, 0, 3, 44, -6
L2_B23_S2_C6_M5C, 1789, 0, 3, 44, -5
L2_B23_S2_C6_M4C, 1790, 0, 3, 44, -4
L2_B23_S2_C6_M3C, 1791, 0, 3, 44, -3
L2_B23_S2_C6_M2C, 1792, 0, 3, 44, -2
L2_B23_S2_C6_M1C, 1793, 0, 3, 44, -1
L2_B23_S2_A7_M0, 1794, 0, 3, 44, 0
L2_B23_S2_A7_M1A, 1795, 0, 3, 44, 1
L2_B23_S2_A7_M2A, 1796, 0, 3, 44, 2
L2_B23_S2_A7_M3A, 1797, 0, 3, 44, 3
L2_B23_S2_A7_M4A, 1798, 0, 3, 44, 4
L2_B23_S2_A7_M5A, 1799, 0, 3, 44, 5
L2_B23_S2_A7_M6A, 1800, 0, 3, 44, 6
L2_B24_S1_C7_M6C, 1801, 0, 3, 45, -6
L2_B24_S1_C7_M5C, 1802, 0, 3, 45, -5
L2_B24_S1_C7_M4C, 1803, 0, 3, 45, -4
L2_B24_S1_C7_M3C, 1804, 0, 3, 45, -3
L2_B24_S1_C7_M2C, 1805, 0, 3, 45, -2
L2_B24_S1_C7_M1C, 1806, 0, 3, 45, -1
L2_B24_S1_C7_M0, 1807, 0, 3, 45, 0
L2_B24_S1_A6_M1A, 1808, 0, 3, 45, 1
L2_B24_S1_A6_M2A, 1809, 0, 3, 45, 2
L2_B24_S1_A6_M3A, 1810, 0, 3, 45, 3
L2_B24_S1_A6_M4A, 1811, 0, 3, 45, 4
L2_B24_S1_A6_M5A, 1812, 0, 3, 45, 5
L2_B24_S1_A6_M6A, 1813, 0, 3, 45, 6
L2_B24_S2_C6_M6C, 1814, 0, 3, 46, -6
L2_B24_S2_C6_M5C, 1815, 0, 3, 46, -5
L2_B24_S2_C6_M4C, 1816, 0, 3, 46, -4
L2_B24_S2_C6_M3C, 1817, 0, 3, 46, -3
L2_B24_S2_C6_M2C, 1818, 0, 3, 46, -2
L2_B24_S2_C6_M1C, 1819, 0, 3, 46, -1
L2_B24_S2_A7_M0, 1820, 0, 3, 46, 0
L2_B24_S2_A7_M1A, 1821, 0, 3, 46, 1
L2_B24_S2_A7_M2A, 1822, 0, 3, 46, 2
L2_B24_S2_A7_M3A, 1823, 0, 3, 46, 3
L2_B24_S2_A7_M4A, 1824, 0, 3, 46, 4
L2_B24_S2_A7_M5A, 1825, 0, 3, 46, 5
L2_B24_S2_A7_M6A, 1826, 0, 3, 46, 6
L2_B25_S1_C7_M6C, 1827, 0, 3, 47, -6
L2_B25_S1_C7_M5C, 1828, 0, 3, 47, -5
L2_B25_S1_C7_M4C, 1829, 0, 3, 47, -4
L2_B25_S1_C7_M3C, 1830, 0, 3, 47, -3
L2_B25_S1_C7_M2C, 1831, 0, 3, 47, -2
L2_B25_S1_C7_M1C, 1832, 0, 3, 47, -1
L2_B25_S1_C7_M0, 1833, 0, 3, 47, 0
L2_B25_S1_A6_M1A, 1834, 0, 3, 47, 1
L2_B25_S1_A6_M2A, 1835, 0, 3, 47, 2
L2_B25_S1_A6_M3A, 1836, 0, 3, 47, 3
L2_B25_S1_A6_M4A, 1837, 0, 3, 47, 4
L2_B25_S1_A6_M5A, 1838, 0, 3, 47, 5
L2_B25_S1_A6_M6A, 1839, 0, 3, 47, 6
L2_B25_S2_C6_M6C, 1840, 0, 3, 48, -6
L2_B25_S2_C6_M5C, 1841, 0, 3, 48, -5
L2_B25_S2_C6_M4C, 1842, 0, 3, 48, -4
L2_B25_S2_C6_M3C, 1843, 0, 3, 48, -3
L2_B25_S2_C6_M2C, 1844, 0, 3, 48, -2
L2_B25_S2_C6_M1C, 1845, 0, 3, 48, -1
L2_B25_S2_A7_M0, 1846, 0, 3, 48, 0
L2_B25_S2_A7_M1A, 1847, 0, 3, 48, 1
L2_B25_S2_A7_M2A, 1848, 0, 3, 48, 2
L2_B25_S2_A7_M3A, 1849, 0, 3, 48, 3
L2_B25_S2_A7_M4A, 1850, 0, 3, 48, 4
L2_B25_S2_A7_M5A, 1851, 0, 3, 48, 5
L2_B25_S2_A7_M6A, 1852, 0, 3, 48, 6
L2_B26_S1_C7_M6C, 1853, 0, 3, 49, -6
L2_B26_S1_C7_M5C, 1854, 0, 3, 49, -5
L2_B26_S1_C7_M4C, 1855, 0, 3, 49, -4
L2_B26_S1_C7_M3C, 1856, 0, 3, 49, -3
L2_B26_S1_C7_M2C, 1857, 0, 3, 49, -2
L2_B26_S1_C7_M1C, 1858, 0, 3, 49, -1
L2_B26_S1_C7_M0, 1859, 0, 3, 49, 0
L2_B26_S1_A6_M1A, 1860, 0, 3, 49, 1
L2_B26_S1_A6_M2A, 1861, 0, 3, 49, 2
L2_B26_S1_A6_M3A, 1862, 0, 3, 49, 3
L2_B26_S1_A6_M4A, 1863, 0, 3, 49, 4
L2_B26_S1_A6_M5A, 1864, 0, 3, 49, 5
L2_B26_S1_A6_M6A, 1865, 0, 3, 49, 6
L2_B26_S2_C6_M6C, 1866, 0, 3, 50, -6
L2_B26_S2_C6_M5C, 1867, 0, 3, 50, -5
L2_B26_S2_C6_M4C, 1868, 0, 3, 50, -4
L2_B26_S2_C6_M3C, 1869, 0, 3, 50, -3
L2_B26_S2_C6_M2C, 1870, 0, 3, 50, -2
L2_B26_S2_C6_M1C, 1871, 0, 3, 50, -1
L2_B26_S2_A7_M0, 1872, 0, 3, 50, 0
L2_B26_S2_A7_M1A, 1873, 0, 3, 50, 1
L2_B26_S2_A7_M2A, 1874, 0, 3, 50, 2
L2_B26_S2_A7_M3A, 1875, 0, 3, 50, 3
L2_B26_S2_A7_M4A, 1876, 0, 3, 50, 4
L2_B26_S2_A7_M5A, 1877, 0, 3, 50, 5
L2_B26_S2_A7_M6A, 1878, 0, 3, 50, 6
L2_B01_S1_C7_M6C, 1879, 0, 3, 51, -6
L2_B01_S1_C7_M5C, 1880, 0, 3, 51, -5
L2_B01_S1_C7_M4C, 1881, 0, 3, 51, -4
L2_B01_S1_C7_M3C, 1882, 0, 3, 51, -3
L2_B01_S1_C7_M2C, 1883, 0, 3, 51, -2
L2_B01_S1_C7_M1C, 1884, 0, 3, 51, -1
L2_B01_S1_C7_M0, 1885, 0, 3, 51, 0
L2_B01_S1_A6_M1A, 1886, 0, 3, 51, 1
L2_B01_S1_A6_M2A, 1887, 0, 3, 51, 2
L2_B01_S1_A6_M3A, 1888, 0, 3, 51, 3
L2_B01_S1_A6_M4A, 1889, 0, 3, 51, 4
L2_B01_S1_A6_M5A, 1890, 0, 3, 51, 5
L2_B01_S1_A6_M6A, 1891, 0, 3, 51, 6
D1A_B01_S2_M1, 1892, 2, 0, 0, 0
D1A_B01_S2_M6, 1893, 2, 0, 1, 0
D1A_B01_S2_M2, 1894, 2, 0, 2, 0
D1A_B01_S2_M5, 1895, 2, 0, 3, 0
D1A_B01_S2_M3, 1896, 2, 0, 4, 0
D1A_B01_S2_M4, 1897, 2, 0, 5, 0
D1A_B02_S1_M1, 1898, 2, 0, 6, 0
D1A_B02_S1_M6, 1899, 2, 0, 7, 0
D1A_B02_S1_M2, 1900, 2, 0, 8, 0
D1A_B02_S1_M5, 1901, 2, 0, 9, 0
D1A_B02_S1_M3, 1902, 2, 0, 10, 0
D1A_B02_S1_M4, 1903, 2, 0, 11, 0
D1A_B02_S2_M1, 1904, 2, 0, 12, 0
D1A_B02_S2_M6, 1905, 2, 0, 13, 0
D1A_B02_S2_M2, 1906, 2, 0, 14, 0
D1A_B02_S2_M5, 1907, 2, 0, 15, 0
D1A_B02_S2_M3, 1908, 2, 0, 16, 0
D1A_B02_S2_M4, 1909, 2, 0, 17, 0
D1A_B03_S1_M1, 1910, 2, 0, 18, 0
D1A_B03_S1_M6, 1911, 2, 0, 19, 0
D1A_B03_S1_M2, 1912, 2, 0, 20, 0
D1A_B03_S1_M5, 1913, 2, 0, 21, 0
D1A_B03_S1_M3, 1914, 2, 0, 22, 0
D1A_B03_S1_M4, 1915, 2, 0, 23, 0
D1A_B03_S2_M1, 1916, 2, 0, 24, 0
D1A_B03_S2_M6, 1917, 2, 0, 25, 0
D1A_B03_S2_M2, 1918, 2, 0, 26, 0
D1A_B03_S2_M5, 1919, 2, 0, 27, 0
D1A_B03_S2_M3, 1920, 2, 0, 28, 0
D1A_B03_S2_M4, 1921, 2, 0, 29, 0
D1A_B04_S1_M1, 1922, 2, 0, 30, 0
D1A_B04_S1_M6, 1923, 2, 0, 31, 0
D1A_B04_S1_M2, 1924, 2, 0, 32, 0
D1A_B04_S1_M5, 1925, 2, 0, 33, 0
D1A_B04_S1_M3, 1926, 2, 0, 34, 0
D1A_B04_S1_M4, 1927, 2, 0, 35, 0
D1A_B04_S2_M1, 1928, 2, 0, 36, 0
D1A_B04_S2_M6, 1929, 2, 0, 37, 0
D1A_B04_S2_M2, 1930, 2, 0, 38, 0
D1A_B04_S2_M5, 1931, 2, 0, 39, 0
D1A_B04_S2_M3, 1932, 2, 0, 40, 0
D1A_B04_S2_M4, 1933, 2, 0, 41, 0
D1A_B01_S1_M1, 1934, 2, 0, 42, 0
D1A_B01_S1_M6, 1935, 2, 0, 43, 0
D1A_B01_S1_M2, 1936, 2, 0, 44, 0
D1A_B01_S1_M5, 1937, 2, 0, 45, 0
D1A_B01_S1_M3, 1938, 2, 0, 46, 0
D1A_B01_S1_M4, 1939, 2, 0, 47, 0
D2A_B01_S2_M1, 1940, 2, 1, 0, 0
D2A_B01_S2_M6, 1941, 2, 1, 1, 0
D2A_B01_S2_M2, 1942, 2, 1, 2, 0
D2A_B01_S2_M5, 1943, 2, 1, 3, 0
D2A_B01_S2_M3, 1944, 2, 1, 4, 0
D2A_B01_S2_M4, 1945, 2, 1, 5, 0
D2A_B02_S1_M1, 1946, 2, 1, 6, 0
D2A_B02_S1_M6, 1947, 2, 1, 7, 0
D2A_B02_S1_M2, 1948, 2, 1, 8, 0
D2A_B02_S1_M5, 1949, 2, 1, 9, 0
D2A_B02_S1_M3, 1950, 2, 1, 10, 0
D2A_B02_S1_M4, 1951, 2, 1, 11, 0
D2A_B02_S2_M1, 1952, 2, 1, 12, 0
D2A_B02_S2_M6, 1953, 2, 1, 13, 0
D2A_B02_S2_M2, 1954, 2, 1, 14, 0
D2A_B02_S2_M5, 1955, 2, 1, 15, 0
D2A_B02_S2_M3, 1956, 2, 1, 16, 0
D2A_B02_S2_M4, 1957, 2, 1, 17, 0
D2A_B03_S1_M1, 1958, 2, 1, 18, 0
D2A_B03_S1_M6, 1959, 2, 1, 19, 0
D2A_B03_S1_M2, 1960, 2, 1, 20, 0
D2A_B03_S1_M5, 1961, 2, 1, 21, 0
D2A_B03_S1_M3, 1962, 2, 1, 22, 0
D2A_B03_S1_M4, 1963, 2, 1, 23, 0
D2A_B03_S2_M1, 1964, 2, 1, 24, 0
D2A_B03_S2_M6, 1965, 2, 1, 25, 0
D2A_B03_S2_M2, 1966, 2, 1, 26, 0
D2A_B03_S2_M5, 1967, 2, 1, 27, 0
D2A_B03_S2_M3, 1968, 2, 1, 28, 0
D2A_B03_S2_M4, 1969, 2, 1, 29, 0
D2A_B04_S1_M1, 1970, 2, 1, 30, 0
D2A_B04_S1_M6, 1971, 2, 1, 31, 0
D2A_B04_S1_M2, 1972, 2, 1, 32, 0
D2A_B04_S1_M5, 1973, 2, 1, 33, 0
D2A_B04_S1_M3, 1974, 2, 1, 34, 0
D2A_B04_S1_M4, 1975, 2, 1, 35, 0
D2A_B04_S2_M1, 1976, 2, 1, 36, 0
D2A_B04_S2_M6, 1977, 2, 1, 37, 0
D2A_B04_S2_M2, 1978, 2, 1, 38, 0
D2A_B04_S2_M5, 1979, 2, 1, 39, 0
D2A_B04_S2_M3, 1980, 2, 1, 40, 0
D2A_B04_S2_M4, 1981, 2, 1, 41, 0
D2A_B01_S1_M1, 1982, 2, 1, 42, 0
D2A_B01_S1_M6, 1983, 2, 1, 43, 0
D2A_B01_S1_M2, 1984, 2, 1, 44, 0
D2A_B01_S1_M5, 1985, 2, 1, 45, 0
D2A_B01_S1_M3, 1986, 2, 1, 46, 0
D2A_B01_S1_M4, 1987, 2, 1, 47, 0
D3A_B01_S2_M1, 1988, 2, 2, 0, 0
D3A_B01_S2_M6, 1989, 2, 2, 1, 0
D3A_B01_S2_M2, 1990, 2, 2, 2, 0
D3A_B01_S2_M5, 1991, 2, 2, 3, 0
D3A_B01_S2_M3, 1992, 2, 2, 4, 0
D3A_B01_S2_M4, 1993, 2, 2, 5, 0
D3A_B02_S1_M1, 1994, 2, 2, 6, 0
D3A_B02_S1_M6, 1995, 2, 2, 7, 0
D3A_B02_S1_M2, 1996, 2, 2, 8, 0
D3A_B02_S1_M5, 1997, 2, 2, 9, 0
D3A_B02_S1_M3, 1998, 2, 2, 10, 0
D3A_B02_S1_M4, 1999, 2, 2, 11, 0
D3A_B02_S2_M1, 2000, 2, 2, 12, 0
D3A_B02_S2_M6, 2001, 2, 2, 13, 0
D3A_B02_S2_M2, 2002, 2, 2, 14, 0
D3A_B02_S2_M5, 2003, 2, 2, 15, 0
D3A_B02_S2_M3, 2004, 2, 2, 16, 0
D3A_B02_S2_M4, 2005, 2, 2, 17, 0
D3A_B03_S1_M1, 2006, 2, 2, 18, 0
D3A_B03_S1_M6, 2007, 2, 2, 19, 0
D3A_B03_S1_M2, 2008, 2, 2, 20, 0
D3A_B03_S1_M5, 2009, 2, 2, 21, 0
D3A_B03_S1_M3, 2010, 2, 2, 22, 0
D3A_B03_S1_M4, 2011, 2, 2, 23, 0
D3A_B03_S2_M1, 2012, 2, 2, 24, 0
D3A_B03_S2_M6, 2013, 2, 2, 25, 0
D3A_B03_S2_M2, 2014, 2, 2, 26, 0
D3A_B03_S2_M5, 2015, 2, 2, 27, 0
D3A_B03_S2_M3, 2016, 2, 2, 28, 0
D3A_B03_S2_M4, 2017, 2, 2, 29, 0
D3A_B04_S1_M1, 2018, 2, 2, 30, 0
D3A_B04_S1_M6, 2019, 2, 2, 31, 0
D3A_B04_S1_M2, 2020, 2, 2, 32, 0
D3A_B04_S1_M5, 2021, 2, 2, 33, 0
D3A_B04_S1_M3, 2022, 2, 2, 34, 0
D3A_B04_S1_M4, 2023, 2, 2, 35, 0
D3A_B04_S2_M1, 2024, 2, 2, 36, 0
D3A_B04_S2_M6, 2025, 2, 2, 37, 0
D3A_B04_S2_M2, 2026, 2, 2, 38, 0
D3A_B04_S2_M5, 2027, 2, 2, 39, 0
D3A_B04_S2_M3, 2028, 2, 2, 40, 0
D3A_B04_S2_M4, 2029, 2, 2, 41, 0
D3A_B01_S1_M1, 2030, 2, 2, 42, 0
D3A_B01_S1_M6, 2031, 2, 2, 43, 0
D3A_B01_S1_M2, 2032, 2, 2, 44, 0
D3A_B01_S1_M5, 2033, 2, 2, 45, 0
D3A_B01_S1_M3, 2034, 2, 2, 46, 0
D3A_B01_S1_M4, 2035, 2, 2, 47, 0
LI_S15_A_34_M3_A7, 2036, 4, 0, 0, 0
LI_S15_A_34_M4_A10, 2037, 4, 0, 1, 0
LI_S15_A_12_M1_A1, 2038, 4, 0, 2, 0
LI_S15_A_12_M2_A4, 2039, 4, 0, 3, 0
LI_S15_A_34_M3_A8, 2040, 4, 1, 0, 0
LI_S15_A_34_M4_A11, 2041, 4, 1, 1, 0
LI_S15_A_12_M1_A2, 2042, 4, 1, 2, 0
LI_S15_A_12_M2_A5, 2043, 4, 1, 3, 0
LI_S15_A_34_M3_A9, 2044, 4, 2, 0, 0
LI_S15_A_34_M4_A12, 2045, 4, 2, 1, 0
LI_S15_A_12_M1_A3, 2046, 4, 2, 2, 0
LI_S15_A_12_M2_A6, 2047, 4, 2, 3, 0
